ID,total,slight,serious,neigh,Road_name,Road_name2,h,Day_of_Week,m,Speed_limit,Junction_Detail,Junction_Control,Pedestrian_Crossing-Physical_Facilities,aadf_Road_name,aadf_Road_category,aadf_Road_type,distance_to_cp,aadf_Pedal_cycles,aadf_All_motor_vehicles,aadf_All_HGVs,aadf_LGVs,aadf_Buses_and_coaches,total_norm,serious_ratio,N_year,Year_start,Year_end,Max_year_gap
0,6201,292,257,35,16,A11,U,17,2,7,30,3,4,0,A11,PA,Major,6.560842185917548e-05,2435.0,39430.78767123288,1257.623287671233,5412.876712328767,1410.2808219178082,0.11991786447638604,0.11986301369863013,22,2000,2021,1
1,56175,237,208,29,15,A11,C,18,4,10,30,3,2,0,A11,PA,Major,6.75403404716221e-05,2677.7805907172997,24195.257383966244,1043.9240506329113,3543.902953586498,909.1518987341772,0.08850613109288188,0.12236286919831224,22,2000,2021,1
2,56771,217,194,23,2,A215,U,9,5,5,30,3,4,0,A215,PA,Major,6.0166476565017185e-05,2473.3732718894007,17012.562211981567,618.9723502304147,2368.4654377880183,2858.0184331797236,0.08773443235045332,0.10599078341013825,22,2000,2021,1
3,56091,159,145,14,3,A2,U,9,4,6,30,3,2,0,A2,PA,Major,8.077555010275499e-05,1914.5283018867924,33836.49056603773,1765.8301886792453,5761.03144654088,2019.7232704402516,0.08304917709667882,0.0880503144654088,22,2000,2021,1
4,46218,144,127,17,9,A13,U,8,3,9,30,3,4,0,A13,PA,Major,7.384970889154618e-05,932.3333333333334,27906.506944444445,1467.263888888889,3743.159722222222,1038.4791666666667,0.1544511977118341,0.11805555555555555,22,2000,2021,1
5,7603,139,128,11,1,A3212,B323,9,3,6,30,1,4,1,A3212,PA,Major,4.0204724576212245e-05,5508.3884892086335,24890.776978417267,1050.7985611510792,3708.31654676259,1164.7338129496402,0.02523424051740576,0.07913669064748201,22,2000,2021,1
6,37619,139,121,18,15,A1209,U,19,5,7,30,3,4,0,A1209,PA,Major,6.453762725611732e-05,1484.5755395683452,14772.94964028777,474.67625899280574,2100.94964028777,711.2589928057554,0.09362945589175987,0.12949640287769784,22,2000,2021,1
7,46107,134,119,15,2,A3,A3,9,3,10,30,1,4,0,A3,PA,Major,1.227729995335221e-05,5382.582089552238,50421.70895522388,2040.8805970149253,8573.701492537313,4740.119402985075,0.02489511497838523,0.11194029850746269,22,2000,2021,1
8,46120,133,112,21,6,A4,A4,18,4,6,30,3,2,0,A4,PA,Major,4.951107657545023e-05,1860.3157894736842,54735.83458646617,1780.9172932330828,6629.195488721804,3644.0150375939847,0.07149323827307191,0.15789473684210525,22,2000,2021,1
9,16188,130,109,21,9,A11,U,18,3,9,30,3,4,0,A11,PA,Major,2.3081210040650025e-05,1663.1846153846154,21053.084615384614,1337.1076923076923,2930.646153846154,1542.576923076923,0.07816330117383703,0.16153846153846155,22,2000,2021,1
10,36664,122,110,12,14,A104,U,18,4,2,30,3,4,0,A104,PA,Major,3.973065139905816e-05,2451.8360655737706,17406.89344262295,434.38524590163934,2541.7950819672133,2079.6393442622953,0.04975862852863695,0.09836065573770492,22,2000,2021,1
11,17498,117,98,19,15,A1208,U,18,4,5,30,3,4,0,A1208,PA,Major,5.021810587794206e-05,2154.1452991452993,18828.521367521367,905.6239316239316,3754.2820512820513,1022.5555555555555,0.05431388497629297,0.1623931623931624,22,2000,2021,1
12,27663,109,96,13,7,A3212,U,18,3,5,30,3,2,5,A3212,PA,Major,4.307932120762077e-05,2373.1651376146788,23606.61467889908,754.0733944954128,3274.1009174311926,3437.266055045872,0.04593022132018943,0.11926605504587157,22,2000,2021,1
13,7606,107,89,18,0,A3217,U,19,4,3,30,3,4,0,A3217,PA,Major,4.737663484160086e-05,2364.8598130841124,21309.635514018693,450.68224299065423,2448.542056074766,1122.3084112149534,0.04524581093898197,0.16822429906542055,22,2000,2021,1
14,46189,104,87,17,15,A10,C,9,6,5,30,3,2,5,A10,PA,Major,5.0940350979358895e-05,2044.9711538461538,17539.71153846154,866.0769230769231,2527.778846153846,1325.6442307692307,0.050856463087216766,0.16346153846153846,22,2000,2021,1
15,17639,102,93,9,6,A4202,A4202,18,5,5,30,3,4,0,A4202,PA,Major,5.5153083575042854e-05,840.0392156862745,92955.74509803922,2593.607843137255,11954.460784313726,5310.529411764706,0.12142290275897484,0.08823529411764706,22,2000,2021,1
16,18471,97,86,11,4,A200,U,9,3,5,30,3,4,0,A200,PA,Major,4.577617025706557e-05,2308.134020618557,25506.0412371134,1037.7319587628865,4030.2886597938145,708.8247422680413,0.04202528931747428,0.1134020618556701,22,2000,2021,1
17,6751,97,77,20,8,A201,C,9,5,1,30,3,2,5,A201,PA,Major,1.3843017899747439e-05,7442.1752577319585,41834.30927835051,1479.4123711340205,6421.278350515464,1263.4432989690722,0.0130338236658997,0.20618556701030927,22,2000,2021,1
18,26182,97,90,7,14,A10,U,19,5,10,30,3,4,0,A10,PA,Major,2.3815498695416012e-05,3106.721649484536,14300.484536082475,520.0412371134021,2912.938144329897,1498.2164948453608,0.031222623377312908,0.07216494845360824,22,2000,2021,1
19,17572,96,74,22,1,A3212,U,8,2,6,30,3,4,0,A3212,PA,Major,4.6551638142662365e-05,4861.552083333333,33534.5,1469.3854166666667,5881.625,390.7395833333333,0.019746780113518277,0.22916666666666666,22,2000,2021,1
20,16101,94,85,9,1,A3,U,8,4,9,30,3,4,0,A3,PA,Major,3.350855860374061e-05,4419.510638297872,20213.468085106382,698.6914893617021,3508.8829787234044,602.0425531914893,0.02126932316565327,0.09574468085106383,22,2000,2021,1
21,26889,86,72,14,7,A301,A3200,9,6,7,30,1,4,0,A301,PA,Major,2.0804457737428662e-05,3677.4418604651164,19861.511627906977,554.3604651162791,2547.4418604651164,3232.3837209302324,0.023385821792196292,0.16279069767441862,22,2000,2021,1
22,7044,85,78,7,13,A400,U,19,4,6,30,3,4,0,A400,PA,Major,4.4893263547532124e-05,1931.6470588235295,33076.529411764706,1146.5529411764705,4955.823529411765,1768.0588235294117,0.04400389792313782,0.08235294117647059,22,2000,2021,1
23,27666,83,74,9,0,A3216,U,18,4,9,30,1,4,0,A3216,PA,Major,6.660338640220578e-05,2945.879518072289,28183.421686746988,1533.2289156626507,5424.481927710844,1340.433734939759,0.02817494724099007,0.10843373493975904,18,2000,2017,1
24,26775,83,72,11,8,A201,C,19,5,4,30,3,4,0,A201,PA,Major,2.379152246602409e-05,3416.397590361446,30242.819277108432,1006.4096385542168,6028.277108433735,991.7469879518072,0.024294596224445533,0.13253012048192772,22,2000,2021,1
25,37827,82,72,10,13,A401,U,19,3,4,30,3,4,0,A401,PA,Major,1.5729313576587807e-05,6058.341463414634,21657.621951219513,658.1219512195122,3271.609756097561,1807.9634146341464,0.013535057489774228,0.12195121951219512,22,2000,2021,1
26,16854,81,70,11,0,A308,U,8,4,5,30,3,4,0,A308,PA,Major,5.858399540855825e-05,1480.9012345679012,20624.0987654321,592.5802469135803,2446.3703703703704,1164.2345679012346,0.05469642276558319,0.13580246913580246,22,2000,2021,1
27,16100,80,67,13,2,A3,A3,9,2,9,30,1,4,0,A3,PA,Major,1.3594260817041838e-05,2046.2125,16638.1625,595.55,2747.7375,2971.8125,0.039096623640017834,0.1625,22,2000,2021,1
28,47661,79,58,21,7,A3211,na0,19,4,7,30,3,2,5,A3211,PA,Major,3.576980761445859e-05,3263.7974683544303,26863.835443037973,1136.6962025316457,4121.430379746836,700.6962025316456,0.02420493329196401,0.26582278481012656,22,2000,2021,1
29,36076,79,74,5,14,A1,U,9,4,4,30,3,4,0,A1,PA,Major,2.039868568729538e-05,4786.151898734177,24028.772151898735,916.4050632911392,3641.721518987342,3012.3797468354433,0.016505953356995128,0.06329113924050633,22,2000,2021,1
30,56234,78,71,7,2,A23,U,9,2,7,30,3,2,0,A23,PA,Major,3.708965590856405e-05,2768.6666666666665,17618.44871794872,389.97435897435895,2573.397435897436,1243.820512820513,0.028172405490007227,0.08974358974358974,22,2000,2021,1
31,6094,76,68,8,2,A2,A2,9,4,6,30,3,4,0,A2,PA,Major,7.495816161423715e-05,1275.5,12253.013157894737,431.17105263157896,2732.25,395.4736842105263,0.05958447667581341,0.10526315789473684,22,2000,2021,1
32,27784,75,61,14,14,A5201,U,9,5,8,30,6,2,0,A5201,PA,Major,1.8066331776041874e-05,4035.2,18506.76,588.8,3330.9866666666667,888.9466666666667,0.018586439333862014,0.18666666666666668,22,2000,2021,1
33,47662,75,53,22,0,A3212,C,8,3,6,30,3,2,5,A3212,PA,Major,8.050247836533498e-05,3338.6,35205.53333333333,1437.7866666666666,6506.4,349.68,0.02246450608039298,0.29333333333333333,22,2000,2021,1
34,46783,74,61,13,2,A201,U,9,4,6,30,3,4,0,A201,PA,Major,3.819127672958773e-05,2677.5405405405404,38468.75675675676,1682.4324324324325,7104.486486486487,2782.0135135135133,0.02763730329366401,0.17567567567567569,22,2000,2021,1
35,17638,74,69,5,7,A4201,C,18,5,9,30,3,2,5,A4201,PA,Major,4.673700551527547e-05,1446.3918918918919,19624.432432432433,678.418918918919,2842.9054054054054,3404.0135135135133,0.05116179122326759,0.06756756756756757,22,2000,2021,1
36,7671,73,63,10,13,A4200,A4200,9,5,7,30,6,2,5,A4200,PA,Major,3.317208801063001e-05,1669.4383561643835,17618.04109589041,960.7397260273973,2891.4246575342468,1480.5753424657535,0.043727280932804896,0.136986301369863,18,2000,2017,1
37,46432,72,63,9,8,A40,C,18,5,5,30,3,4,0,A40,PA,Major,1.324551977056298e-05,4220.055555555556,25925.375,619.4722222222222,2549.277777777778,1644.6805555555557,0.017061386764260607,0.125,22,2000,2021,1
38,7537,71,67,4,14,A1200,U,9,4,5,30,3,4,1,A1200,PA,Major,4.128116215316312e-05,1927.380281690141,17204.056338028167,702.5352112676056,2750.957746478873,300.28169014084506,0.0368375668644588,0.056338028169014086,22,2000,2021,1
39,80388,70,64,6,15,A1208,B118,9,2,7,30,3,4,0,A1208,PA,Major,2.9694389559874983e-05,2871.157142857143,16914.871428571427,872.4571428571429,3549.042857142857,1009.4571428571429,0.024380414068991597,0.08571428571428572,16,2006,2021,1
40,27582,69,58,11,16,A1205,B118,8,3,10,30,1,4,0,A1205,PA,Major,3.0411232086845806e-05,869.0869565217391,14339.101449275362,280.39130434782606,2198.8260869565215,505.84057971014494,0.07939366651658412,0.15942028985507245,22,2000,2021,1
41,37101,66,54,12,13,A400,A400,9,3,8,30,6,2,5,A400,PA,Major,4.32262982581134e-05,3696.9545454545455,24991.21212121212,992.7575757575758,4505.757575757576,1047.090909090909,0.017852532182508943,0.18181818181818182,22,2000,2021,1
42,28745,64,56,8,8,A10,C,9,4,7,30,3,2,5,A10,PA,Major,1.7006321385397217e-05,4443.703125,19597.40625,864.3125,3045.03125,1784.96875,0.014402402275692078,0.125,22,2000,2021,1
43,28521,64,52,12,9,A100,na0,9,3,6,30,0,-1,0,A100,PA,Major,3.118586583998466e-05,3860.171875,32511.3125,1188.84375,6852.9375,1158.34375,0.01657957263884785,0.1875,22,2000,2021,1
44,8475,64,58,6,14,A5201,A5201,9,5,3,30,3,4,0,A5201,PA,Major,1.2763167632358942e-05,5402.09375,46149.625,2351.078125,8427.515625,1069.53125,0.011847258296840925,0.09375,22,2000,2021,1
45,16735,63,59,4,9,A200,A200,18,6,4,30,1,4,1,A200,PA,Major,7.93285586695411e-05,2437.5555555555557,23117.555555555555,636.3968253968254,4032.190476190476,978.4603174603175,0.025845564773452456,0.06349206349206349,22,2000,2021,1
46,47874,63,55,8,7,A400,C,19,5,5,30,3,4,5,A400,PA,Major,1.660874035817455e-05,2571.0793650793653,10869.52380952381,394.8095238095238,1546.5555555555557,1071.4761904761904,0.024503327612391806,0.12698412698412698,22,2000,2021,1
47,28507,63,52,11,1,A3,A202,9,5,9,30,6,2,5,A3,PA,Major,1.056454438994505e-05,5320.0952380952385,25958.06349206349,857.968253968254,4419.349206349207,1327.8253968253969,0.011841893270797156,0.1746031746031746,22,2000,2021,1
48,16177,63,58,5,8,A10,C,9,5,5,30,3,2,5,A10,PA,Major,1.0636012402989637e-05,4391.888888888889,16125.222222222223,777.968253968254,2296.4444444444443,2584.095238095238,0.014344625192906116,0.07936507936507936,22,2000,2021,1
49,6426,62,54,8,6,A40,C,15,3,5,30,6,2,5,A40,PA,Major,1.8231455295593225e-05,1162.1129032258063,7241.064516129032,38.95161290322581,197.16129032258064,4533.274193548387,0.053351098527431966,0.12903225806451613,22,2000,2021,1
50,47786,62,52,10,14,A5201,U,9,4,3,30,3,2,0,A5201,PA,Major,3.1362210806299394e-05,5022.290322580645,21997.5,933.3870967741935,3967.2096774193546,759.3870967741935,0.01234496534802911,0.16129032258064516,22,2000,2021,1
51,37663,62,56,6,1,A3036,na0,18,6,7,30,7,2,0,A3036,PA,Major,1.9129242964591913e-05,2795.516129032258,46928.1129032258,2082.0967741935483,9640.58064516129,1245.274193548387,0.0221783732013247,0.0967741935483871,22,2000,2021,1
52,56089,61,55,6,3,A2,U,8,6,7,30,3,4,0,A2,PA,Major,3.204290482628156e-05,1801.2459016393443,31617.67213114754,1476.5245901639344,4784.311475409836,1695.0,0.033865448323564744,0.09836065573770492,22,2000,2021,1
53,26784,61,54,7,5,A206,U,19,3,6,30,3,4,0,A206,PA,Major,3.403294831690732e-05,560.8524590163935,22861.29508196721,746.311475409836,4843.950819672131,949.9344262295082,0.10876300713200046,0.11475409836065574,22,2000,2021,1
54,16069,61,56,5,14,A1,C,9,2,10,30,3,4,0,A1,PA,Major,2.5163302584944418e-05,2495.1967213114754,16302.032786885246,562.983606557377,2578.3278688524592,1128.377049180328,0.024446970244469703,0.08196721311475409,22,2000,2021,1
55,46785,60,52,8,2,A202,C,18,3,3,30,6,2,0,A202,PA,Major,2.493346811634457e-05,2179.3166666666666,20502.233333333334,829.35,3770.0666666666666,1154.7333333333333,0.02753156570484632,0.13333333333333333,22,2000,2021,1
56,26201,57,46,11,16,A11,A12,17,4,11,30,3,4,0,A11,PA,Major,4.619349340065771e-05,1238.1052631578948,41335.40350877193,1607.8947368421052,4571.561403508772,1472.6491228070176,0.046038088760414896,0.19298245614035087,17,2000,2016,1
57,46155,57,50,7,12,A5,U,9,4,10,30,3,4,0,A5,PA,Major,2.926734581254197e-05,1172.5263157894738,25777.63157894737,957.8947368421053,5165.6140350877195,1422.7543859649122,0.04861298141664422,0.12280701754385964,22,2000,2021,1
58,6636,57,49,8,15,A107,U,18,2,4,30,3,4,0,A107,PA,Major,4.318538301873148e-05,640.6140350877193,16993.78947368421,529.4912280701755,2788.4210526315787,805.280701754386,0.08897713268519786,0.14035087719298245,22,2000,2021,1
59,48161,57,48,9,9,A1202,U,9,2,8,30,3,4,0,A1202,PA,Major,3.0823625223927894e-05,2556.7368421052633,28364.21052631579,2124.8947368421054,5512.19298245614,278.140350877193,0.02229404257071102,0.15789473684210525,22,2000,2021,1
60,47269,57,48,9,13,A5202,U,9,4,2,30,3,4,0,A5202,PA,Major,4.0735413521742e-05,671.0175438596491,9387.842105263158,530.1929824561404,1746.1929824561403,62.87719298245614,0.08494561807153315,0.15789473684210525,22,2000,2021,1
61,17691,57,45,12,7,A401,U,18,5,7,30,6,2,5,A401,PA,Major,2.0087830348761638e-05,1647.2631578947369,16896.719298245614,821.3333333333334,3101.561403508772,1302.157894736842,0.03460285002236565,0.21052631578947367,22,2000,2021,1
62,7540,57,51,6,16,A1205,U,18,3,8,30,3,4,0,A1205,PA,Major,7.473396840048436e-05,389.17543859649123,17354.456140350878,844.5087719298245,2493.6140350877195,824.719298245614,0.146463508091782,0.10526315789473684,22,2000,2021,1
63,56815,56,45,11,13,A501,U,18,3,4,30,6,2,5,A501,PA,Major,1.6377285193199524e-05,2587.3214285714284,56760.142857142855,2110.75,7230.0,2702.964285714286,0.021644005797501555,0.19642857142857142,22,2000,2021,1
64,6120,55,50,5,7,A4,C,19,5,7,30,3,2,0,A4,PA,Major,3.195862982423619e-05,2368.6545454545453,42733.92727272727,1181.3818181818183,5886.345454545454,2895.7454545454543,0.023219933065184686,0.09090909090909091,22,2000,2021,1
65,8506,55,51,4,14,A201,A5201,8,5,6,30,6,2,5,A201,PA,Major,1.553143524218919e-05,2539.9454545454546,21784.636363636364,887.6181818181818,3644.7818181818184,436.27272727272725,0.021654008318002533,0.07272727272727272,22,2000,2021,1
66,16736,55,50,5,14,A201,U,8,4,9,30,3,4,0,A201,PA,Major,1.1312331427427431e-05,2709.1272727272726,21183.145454545454,1020.5636363636364,3215.0363636363636,354.27272727272725,0.020301740916229313,0.09090909090909091,22,2000,2021,1
67,36792,54,49,5,9,A200,U,8,2,6,30,3,4,5,A200,PA,Major,6.067058929951396e-05,2784.6296296296296,23917.203703703704,856.7592592592592,3988.240740740741,860.7592592592592,0.01939216599055663,0.09259259259259259,21,2000,2020,1
68,26430,54,46,8,8,A40,B500,9,6,11,30,1,2,5,A40,PA,Major,1.673303675471126e-05,3600.1481481481483,32329.444444444445,694.5555555555555,3589.574074074074,2247.0185185185187,0.014999382741450969,0.14814814814814814,22,2000,2021,1
69,28123,54,47,7,7,A301,A3200,7,2,3,30,1,4,0,A301,PA,Major,1.9877516249083233e-05,6673.611111111111,29881.537037037036,682.1666666666666,4686.185185185185,4407.37037037037,0.008091571279916753,0.12962962962962962,22,2000,2021,1
70,46433,53,47,6,7,A40,U,9,6,11,30,6,2,5,A40,PA,Major,1.4908669404477535e-05,3918.0377358490564,10933.169811320755,123.43396226415095,600.9056603773585,2401.169811320755,0.013527179566205649,0.11320754716981132,22,2000,2021,1
71,46792,52,41,11,5,A206,U,8,3,5,30,3,4,0,A206,PA,Major,4.008729545451061e-05,379.13461538461536,17443.903846153848,525.0,3049.653846153846,1127.0384615384614,0.13715445092569112,0.21153846153846154,22,2000,2021,1
72,37704,52,44,8,1,A3212,C,9,4,5,30,3,4,0,A3212,PA,Major,2.7896582174456868e-05,4459.192307692308,24685.19230769231,1093.826923076923,4303.596153846154,886.6923076923077,0.011661304651584024,0.15384615384615385,22,2000,2021,1
73,17535,51,41,10,7,A3200,A301,18,4,8,30,1,4,0,A3200,PA,Major,2.7145684213272047e-05,2313.7450980392155,22489.058823529413,677.156862745098,2918.450980392157,1531.1764705882354,0.02204218608316879,0.19607843137254902,22,2000,2021,1
74,75400,51,41,10,8,A3211,A300,9,2,7,30,3,4,0,A3211,PA,Major,2.1081042041362386e-05,2303.3333333333335,46454.41176470588,3197.901960784314,7228.0392156862745,1406.313725490196,0.022141823444283646,0.19607843137254902,22,2000,2021,1
75,56965,51,41,10,7,A3036,U,8,3,8,30,1,4,0,A3036,PA,Major,4.1986908089453894e-05,3165.0588235294117,21909.56862745098,903.1176470588235,4020.4117647058824,1457.686274509804,0.01611344459725681,0.19607843137254902,22,2000,2021,1
76,37773,50,45,5,7,A4200,A401,18,4,3,30,6,2,5,A4200,PA,Major,1.298070081439748e-05,2777.24,25887.28,969.78,3517.58,2611.92,0.01800348547478792,0.1,22,2000,2021,1
77,7209,50,49,1,14,A501,C,9,2,9,30,3,2,0,A501,PA,Major,1.7719097918147377e-05,2167.54,32198.12,1427.82,5202.24,1493.92,0.023067625049595395,0.02,22,2000,2021,1
78,18170,49,44,5,7,A40,na0,9,3,4,30,6,2,5,A40,PA,Major,2.0003395587051172e-05,489.0204081632653,8644.979591836734,243.20408163265307,1843.6122448979593,56.63265306122449,0.10020031716885068,0.10204081632653061,18,2000,2017,1
79,70193,49,41,8,9,A11,A1202,9,6,8,30,3,2,0,A11,PA,Major,1.2813366477572655e-05,2629.4897959183672,29138.877551020407,1558.142857142857,4681.959183673469,2593.0,0.018634793744421594,0.16326530612244897,22,2000,2021,1
80,57664,49,41,8,0,A3212,U,8,3,4,30,3,2,5,A3212,PA,Major,2.8530586318268387e-05,3831.8979591836733,40322.26530612245,1685.8367346938776,6596.836734693878,880.8163265306123,0.012787396877979156,0.16326530612244897,22,2000,2021,1
81,56890,49,40,9,7,A302,A302,18,6,7,30,3,4,0,A302,PA,Major,2.176652472250713e-05,1130.795918367347,20999.918367346938,862.7755102040817,3359.4897959183672,1958.3265306122448,0.04333231063545633,0.1836734693877551,22,2000,2021,1
82,75338,49,42,7,14,A5201,A201,9,5,4,30,6,2,5,A5201,PA,Major,7.809721235858921e-06,4938.571428571428,17227.448979591838,518.3673469387755,3266.714285714286,757.6938775510204,0.009921897599074343,0.14285714285714285,22,2000,2021,1
83,48687,49,42,7,8,A10,A1211,18,4,4,30,6,2,5,A10,PA,Major,8.009619597113678e-06,4178.0204081632655,19774.367346938776,822.469387755102,3108.469387755102,1722.734693877551,0.01172804228152186,0.14285714285714285,22,2000,2021,1
84,48552,49,38,11,7,A3211,na0,8,4,6,30,0,-1,0,A3211,PA,Major,3.10272606931871e-05,5090.959183673469,49194.32653061225,1826.938775510204,7274.693877551021,1236.3877551020407,0.009624905294299218,0.22448979591836735,22,2000,2021,1
85,26432,48,41,7,6,A402,A402,18,5,10,30,3,2,5,A402,PA,Major,4.817903824927191e-05,1200.2916666666667,33371.9375,808.3541666666666,4701.625,1454.7291666666667,0.03999028014024369,0.14583333333333334,22,2000,2021,1
86,16737,48,41,7,8,A201,B300,17,4,9,30,6,2,5,A201,PA,Major,1.492894663028389e-05,3384.8541666666665,18806.416666666668,651.5416666666666,3318.9375,920.2708333333334,0.01418081773586996,0.14583333333333334,22,2000,2021,1
87,7604,47,44,3,0,A3220,U,9,6,5,30,3,4,0,A3220,PA,Major,1.6938063770669703e-05,3039.021276595745,37412.04255319149,1406.6808510638298,5695.914893617021,546.9787234042553,0.015465505411876723,0.06382978723404255,22,2000,2021,1
88,57235,47,38,9,14,A501,A501,9,5,7,30,3,4,0,A501,PA,Major,2.3554380922078455e-05,1741.0851063829787,27871.659574468085,1425.4468085106382,4639.978723404255,1195.5106382978724,0.02699465972553189,0.19148936170212766,22,2000,2021,1
89,26185,47,38,9,2,A3,U,8,6,7,30,3,4,0,A3,PA,Major,1.502160871142198e-05,3931.425531914894,39798.95744680851,1664.0851063829787,7696.36170212766,1244.8085106382978,0.011954951103221721,0.19148936170212766,22,2000,2021,1
90,48517,46,36,10,7,A4,A4,8,4,7,30,3,2,5,A4,PA,Major,8.314671362453732e-06,2335.3260869565215,19732.543478260868,571.2173913043479,2049.108695652174,1281.0217391304348,0.01969746334652083,0.21739130434782608,22,2000,2021,1
91,56625,46,41,5,6,A40,A40,16,5,8,30,3,2,5,A40,PA,Major,2.0870286412529112e-05,1327.4782608695652,12071.782608695652,324.2391304347826,908.4782608695652,5225.086956521739,0.0346521682169527,0.10869565217391304,22,2000,2021,1
92,46201,46,44,2,17,A11,C,18,2,6,30,3,2,0,A11,PA,Major,3.927934892840383e-05,1816.0,29815.152173913044,798.3260869565217,2758.1304347826085,1291.3478260869565,0.025330396475770924,0.043478260869565216,22,2000,2021,1
93,7717,45,36,9,14,A5201,U,10,6,8,30,3,4,1,A5201,PA,Major,1.3904714328549848e-05,5007.355555555556,17280.48888888889,487.0888888888889,3143.9333333333334,744.8666666666667,0.008986779448899617,0.2,22,2000,2021,1
94,58165,45,38,7,2,A202,A202,9,6,11,30,3,4,0,A202,PA,Major,8.966782975587347e-06,2064.288888888889,20347.155555555557,842.9555555555555,3713.7555555555555,1164.1555555555556,0.021799274434026246,0.15555555555555556,22,2000,2021,1
95,7672,45,39,6,12,A4201,C,9,4,4,30,6,2,5,A4201,PA,Major,3.373912919686642e-05,1352.0,14839.155555555555,764.5777777777778,2046.2666666666667,1176.2666666666667,0.03328402366863906,0.13333333333333333,22,2000,2021,1
96,6107,45,38,7,8,A3,C,8,3,10,30,6,2,0,A3,PA,Major,1.5257652038625754e-05,2987.822222222222,16813.71111111111,682.0666666666667,3423.0666666666666,1342.5555555555557,0.015061137060066046,0.15555555555555556,22,2000,2021,1
97,38567,45,39,6,8,A200,U,8,6,10,30,3,4,0,A200,PA,Major,1.0741510499133833e-05,2764.6222222222223,10700.666666666666,478.4888888888889,1579.4222222222222,1320.0,0.016277088290142114,0.13333333333333333,22,2000,2021,1
98,38631,44,35,9,7,A4,A301,18,4,11,30,3,2,5,A4,PA,Major,2.0168945295443516e-05,2425.659090909091,17984.795454545456,576.5227272727273,2067.5227272727275,2935.8636363636365,0.01813939978824874,0.20454545454545456,22,2000,2021,1
99,6190,44,37,7,15,A10,A1202,11,3,8,30,3,2,5,A10,PA,Major,7.5170646517605e-06,4481.590909090909,26063.136363636364,1202.3181818181818,4341.727272727273,2498.840909090909,0.009817942086312693,0.1590909090909091,22,2000,2021,1
100,48543,44,40,4,14,A501,U,9,5,1,30,3,4,0,A501,PA,Major,2.3319154793412946e-05,1659.5454545454545,28768.659090909092,1352.2727272727273,4909.090909090909,1015.0,0.026513284031772118,0.09090909090909091,22,2000,2021,1
101,18604,43,36,7,8,A1211,C,8,3,8,30,3,2,5,A1211,PA,Major,1.858015316453347e-05,1169.9767441860465,18578.39534883721,797.0,3107.767441860465,373.4651162790698,0.03675286728020831,0.16279069767441862,22,2000,2021,1
102,6108,43,38,5,2,A3,C,8,5,5,30,3,2,5,A3,PA,Major,3.537577797457401e-05,3778.4883720930234,27981.95348837209,952.4883720930233,5319.790697674419,1077.1860465116279,0.011380212340360055,0.11627906976744186,22,2000,2021,1
103,17169,43,34,9,13,A501,A4200,19,3,6,30,6,2,5,A501,PA,Major,1.702227901805557e-05,1653.139534883721,50478.651162790695,2138.9767441860463,6848.046511627907,2288.5813953488373,0.026011113455722025,0.20930232558139536,22,2000,2021,1
104,46268,43,33,10,2,A23,U,17,4,10,30,3,4,0,A23,PA,Major,4.013655017428066e-05,3754.6976744186045,18188.81395348837,598.6976744186046,2967.8837209302324,1443.5116279069769,0.011452320194237297,0.23255813953488372,22,2000,2021,1
105,38592,43,37,6,13,A401,A5200,9,5,2,30,6,2,5,A401,PA,Major,2.8942294996803855e-05,3492.6279069767443,7708.581395348837,314.13953488372096,1269.8139534883721,1259.6976744186047,0.012311646457987921,0.13953488372093023,22,2000,2021,1
106,39028,42,37,5,1,A202,A3212,8,4,3,30,6,2,5,A202,PA,Major,1.4460947292911108e-05,2479.9285714285716,37069.95238095238,1343.3095238095239,7677.119047619048,2065.0714285714284,0.016935971658169877,0.11904761904761904,22,2000,2021,1
107,56512,42,35,7,11,A124,U,18,3,10,30,3,4,0,A124,PA,Major,6.848460781075644e-05,400.45238095238096,13870.047619047618,295.4761904761905,1244.404761904762,1157.2380952380952,0.10488138414887924,0.16666666666666666,22,2000,2021,1
108,16841,41,36,5,2,A201,A3,16,5,2,30,1,2,0,A201,PA,Major,2.544001775614143e-05,1678.5121951219512,15436.90243902439,546.0975609756098,2487.0,4734.5609756097565,0.024426393873784855,0.12195121951219512,22,2000,2021,1
109,57828,41,37,4,7,A401,U,16,5,9,30,6,4,1,A401,PA,Major,1.33783124694967e-05,3208.317073170732,20085.341463414636,571.5853658536586,4578.975609756098,502.1219512195122,0.012779285545951452,0.0975609756097561,22,2000,2021,1
110,75396,41,34,7,8,A201,A3211,9,6,9,30,3,2,5,A201,PA,Major,7.155505510466029e-06,5061.073170731707,35187.26829268293,1018.3658536585366,5346.268292682927,1087.6097560975609,0.008101048654483769,0.17073170731707318,22,2000,2021,1
111,47788,40,35,5,12,A5205,U,9,3,11,30,3,4,0,A5205,PA,Major,5.4966499342802325e-05,1394.8,21656.3,469.0,3401.525,118.55,0.028677946659019213,0.125,22,2000,2021,1
112,17496,40,33,7,9,A1202,U,9,4,9,30,6,4,0,A1202,PA,Major,4.4267564987012824e-05,1242.4,13544.425,479.15,2315.825,80.325,0.032195750160978746,0.175,22,2000,2021,1
113,6749,40,36,4,4,A200,U,18,3,5,30,3,4,0,A200,PA,Major,3.077121996492535e-05,1534.675,17931.925,600.075,3694.55,528.375,0.026064150390147752,0.1,22,2000,2021,1
114,48540,40,36,4,14,A1200,U,9,5,4,30,3,4,0,A1200,PA,Major,3.343791143020179e-05,762.125,18847.2,451.275,2565.1,968.15,0.05248482860423159,0.1,22,2000,2021,1
115,8182,40,33,7,7,A23,A23,8,5,5,30,1,2,5,A23,PA,Major,2.269085961376314e-05,1629.275,16991.175,565.95,2451.125,2421.45,0.024550797133694433,0.175,22,2000,2021,1
116,6896,40,30,10,6,A315,U,17,4,7,30,3,2,5,A315,PA,Major,5.283902168782715e-05,655.55,19082.625,749.45,2439.65,1622.45,0.061017466249713985,0.25,22,2000,2021,1
117,56939,39,33,6,8,A3200,U,9,4,7,30,6,4,0,A3200,PA,Major,1.839836240253101e-05,3058.871794871795,18392.28205128205,755.9487179487179,3435.153846153846,1034.8461538461538,0.012749798819742489,0.15384615384615385,22,2000,2021,1
118,17573,39,33,6,0,A3216,U,18,4,2,30,3,4,0,A3216,PA,Major,4.5912265325247006e-05,1386.871794871795,14278.692307692309,444.9230769230769,1935.4871794871794,1425.6410256410256,0.028120840112409406,0.15384615384615385,22,2000,2021,1
119,56739,39,35,4,1,A203,U,7,4,9,30,3,4,0,A203,PA,Major,3.9881433228525536e-05,1714.6666666666667,18743.666666666668,624.4871794871794,3342.3846153846152,831.1025641025641,0.022744945567651633,0.10256410256410256,22,2000,2021,1
120,7609,38,35,3,0,A3220,C,18,4,5,30,3,4,0,A3220,PA,Major,3.028731053375543e-05,2117.5789473684213,23675.21052631579,654.8684210526316,3705.9210526315787,1301.7368421052631,0.01794502162350251,0.07894736842105263,22,2000,2021,1
121,7934,37,31,6,0,A3214,A3214,9,4,11,30,6,2,0,A3214,PA,Major,3.860542786728532e-05,1429.972972972973,14252.72972972973,320.6216216216216,1587.4324324324325,2738.7027027027025,0.02587461490483661,0.16216216216216217,22,2000,2021,1
122,16142,37,29,8,6,A302,U,14,6,5,30,3,4,0,A302,PA,Major,1.663927316988958e-05,1668.1891891891892,50767.89189189189,1736.3513513513512,10073.891891891892,5203.891891891892,0.0221797385091457,0.21621621621621623,22,2000,2021,1
123,6152,37,31,6,6,A5,A5,8,4,4,30,6,2,5,A5,PA,Major,1.646813015892775e-05,886.8378378378378,36013.7027027027,1246.972972972973,6084.216216216216,2685.891891891892,0.041721269009234146,0.16216216216216217,22,2000,2021,1
124,36916,37,31,6,8,A300,U,9,3,1,30,3,4,0,A300,PA,Major,1.6247106849891733e-05,3856.4594594594596,12634.837837837838,630.4054054054054,2508.9189189189187,578.2702702702703,0.00959429248225161,0.16216216216216217,22,2000,2021,1
125,48553,36,30,6,7,A302,A3212,8,2,4,30,3,2,5,A302,PA,Major,1.1209466821329211e-05,6231.583333333333,50071.36111111111,1404.75,5994.055555555556,2819.3888888888887,0.0057770229609917225,0.16666666666666666,22,2000,2021,1
126,28878,36,32,4,4,A1206,U,19,3,5,30,3,4,0,A1206,PA,Major,7.317922861126215e-05,960.7222222222222,9354.111111111111,141.63888888888889,1133.2777777777778,675.3333333333334,0.03747180940264847,0.1111111111111111,22,2000,2021,1
127,8618,35,28,7,8,A3211,A3211,9,4,7,30,3,4,0,A3211,PA,Major,3.106847309396951e-05,1701.6285714285714,45963.42857142857,3114.114285714286,7754.4,1177.0857142857142,0.02056853098712158,0.2,22,2000,2021,1
128,6625,35,32,3,2,A100,A2206,17,3,7,30,3,2,5,A100,PA,Major,1.2192668684352237e-05,1277.5428571428572,29095.14285714286,838.4571428571429,6068.5142857142855,915.8857142857142,0.027396341190678533,0.08571428571428572,22,2000,2021,1
129,47656,35,30,5,8,A3200,U,9,4,11,30,3,4,0,A3200,PA,Major,2.199912066833049e-05,1672.4285714285713,17960.314285714285,810.3714285714286,3693.3714285714286,673.7428571428571,0.020927650123857524,0.14285714285714285,22,2000,2021,1
130,16621,35,33,2,15,A107,U,17,4,7,30,3,4,0,A107,PA,Major,1.3507607651624769e-05,831.9714285714285,20156.285714285714,922.1142857142858,2852.1428571428573,2235.4285714285716,0.04206875236100141,0.05714285714285714,22,2000,2021,1
131,17637,35,33,2,7,A4200,A4200,9,5,8,30,3,4,5,A4200,PA,Major,1.1380879941158053e-05,2897.457142857143,30251.82857142857,810.0285714285715,5197.628571428571,3385.1714285714284,0.012079557444458688,0.05714285714285714,22,2000,2021,1
132,74972,35,33,2,6,A5,A404,9,6,8,30,6,2,5,A5,PA,Major,7.511504450785093e-06,1391.5428571428572,34500.828571428574,1129.4,5717.4857142857145,2317.7714285714287,0.025151938239159,0.05714285714285714,22,2000,2021,1
133,73565,35,29,6,15,A1202,A10,9,4,12,30,6,2,5,A1202,PA,Major,9.5304988940685e-06,1956.3714285714286,29090.22857142857,2272.4857142857145,5648.171428571429,240.88571428571427,0.01789026331546741,0.17142857142857143,22,2000,2021,1
134,37774,35,28,7,7,A4201,A4201,18,5,8,30,6,2,5,A4201,PA,Major,1.0827229439173259e-05,961.4571428571429,13921.57142857143,583.2,2743.5142857142855,1176.857142857143,0.036403078660366704,0.2,22,2000,2021,1
135,28477,34,29,5,7,A4,A4,19,6,1,30,3,2,5,A4,PA,Major,1.094008464143258e-05,739.6764705882352,19724.264705882353,869.7352941176471,3346.205882352941,2033.1470588235295,0.04596604238737127,0.14705882352941177,22,2000,2021,1
136,17915,34,29,5,8,A1211,C,8,4,4,30,6,2,5,A1211,PA,Major,3.583066683192807e-05,1079.5882352941176,18368.647058823528,641.2647058823529,2834.4117647058824,371.20588235294116,0.03149348880292051,0.14705882352941177,22,2000,2021,1
137,17170,33,28,5,13,A502,na0,7,3,2,30,0,2,5,A502,PA,Major,2.6771767132563644e-05,620.060606060606,9389.515151515152,317.45454545454544,1866.8181818181818,656.8484848484849,0.053220604046525274,0.15151515151515152,22,2000,2021,1
138,18465,33,28,5,8,A3,A200,18,5,1,30,3,2,5,A3,PA,Major,6.161088885562985e-06,4749.333333333333,25170.090909090908,736.939393939394,3838.3636363636365,2560.818181818182,0.0069483436271757446,0.15151515151515152,22,2000,2021,1
139,36218,33,28,5,10,A13,U,17,6,6,30,3,2,5,A13,PA,Major,3.309171806333081e-05,395.6666666666667,16658.636363636364,980.2727272727273,2439.7272727272725,763.5454545454545,0.08340353833192923,0.15151515151515152,22,2000,2021,1
140,48010,33,26,7,6,A5204,B524,18,5,6,30,6,2,5,A5204,PA,Major,1.71471490332136e-05,1338.8484848484848,18420.303030303032,561.9090909090909,2864.030303030303,76.03030303030303,0.024648046715857137,0.21212121212121213,22,2000,2021,1
141,47785,33,28,5,13,A5200,U,9,5,4,30,3,4,5,A5200,PA,Major,3.341068234181037e-05,1370.1515151515152,12052.363636363636,322.75757575757575,1657.060606060606,969.3636363636364,0.02408492756828486,0.15151515151515152,22,2000,2021,1
142,56909,33,31,2,9,A1203,na0,9,3,6,30,3,4,0,A1203,PA,Major,3.059125623351665e-05,805.9090909090909,49668.63636363636,3215.5757575757575,7585.515151515152,808.5757575757576,0.04094754653130288,0.06060606060606061,22,2000,2021,1
143,26115,32,30,2,6,A4,U,19,6,9,30,3,4,0,A4,PA,Major,1.6040567970776387e-05,1037.6875,27572.4375,842.65625,3720.0625,1618.5625,0.03083780039751852,0.0625,22,2000,2021,1
144,27661,32,28,4,0,A3205,U,9,3,5,30,3,4,0,A3205,PA,Major,0.0001177753967255347,1174.84375,20750.53125,938.8125,3064.53125,748.90625,0.027237664583056258,0.125,22,2000,2021,1
145,36187,32,26,6,14,A10,C,9,2,4,30,3,2,5,A10,PA,Major,1.7835611337210084e-05,4401.78125,15558.8125,826.53125,2178.03125,2598.59375,0.007269784249274086,0.1875,22,2000,2021,1
146,18077,32,28,4,13,A501,A5202,18,3,6,30,3,2,0,A501,PA,Major,7.898534369734236e-06,2651.90625,57867.5625,2116.40625,7348.34375,2731.46875,0.012066791576813849,0.125,22,2000,2021,1
147,47730,31,24,7,6,A4209,C,19,5,5,30,3,4,0,A4209,PA,Major,6.141729126753785e-05,836.1935483870968,22096.74193548387,391.741935483871,2407.483870967742,1078.3548387096773,0.03707275673173366,0.22580645161290322,22,2000,2021,1
148,7570,31,27,4,1,A3036,U,8,2,4,30,3,2,0,A3036,PA,Major,3.379300636279483e-05,3693.2903225806454,24125.225806451614,1105.6774193548388,4697.612903225807,969.0967741935484,0.008393599552807182,0.12903225806451613,22,2000,2021,1
149,56431,31,27,4,7,A40,A4201,18,6,6,30,3,2,5,A40,PA,Major,6.85176506307816e-06,3948.2903225806454,11083.645161290322,123.48387096774194,615.7741935483871,2390.0967741935483,0.007851499628258863,0.12903225806451613,22,2000,2021,1
150,48549,31,27,4,8,A200,U,9,5,6,30,3,2,0,A200,PA,Major,1.0343136208003719e-05,2699.032258064516,10185.935483870968,333.2258064516129,1322.9354838709678,1617.0645161290322,0.011485598183339309,0.12903225806451613,22,2000,2021,1
151,17168,31,23,8,14,A501,U,9,3,9,30,3,4,0,A501,PA,Major,1.5800321384366424e-05,2238.6774193548385,16578.516129032258,284.9032258064516,3102.935483870968,1709.0,0.013847461778988171,0.25806451612903225,22,2000,2021,1
152,16108,31,24,7,7,A4,U,18,5,5,30,3,4,0,A4,PA,Major,1.4034070607946534e-05,3396.032258064516,19835.870967741936,516.258064516129,2230.3225806451615,3244.2580645161293,0.009128299628598839,0.22580645161290322,22,2000,2021,1
153,48574,31,24,7,8,A501,C,9,3,9,30,6,2,5,A501,PA,Major,1.4652651148217097e-05,2646.2580645161293,18776.870967741936,572.483870967742,2792.7419354838707,1682.3548387096773,0.01171465489918814,0.22580645161290322,22,2000,2021,1
154,36804,31,29,2,5,A206,U,13,2,11,30,3,4,0,A206,PA,Major,5.950898354564122e-05,368.4193548387097,9282.58064516129,373.5806451612903,1681.6129032258063,224.3548387096774,0.08414324489974608,0.06451612903225806,22,2000,2021,1
155,58163,30,23,7,14,A501,U,19,6,11,30,3,2,5,A501,PA,Major,2.447537569039371e-05,1551.4666666666667,18458.733333333334,751.5,2905.0333333333333,1439.1333333333334,0.019336541766930216,0.23333333333333334,22,2000,2021,1
156,56508,30,26,4,9,A100,A200,18,2,6,30,6,2,5,A100,PA,Major,9.178271535554698e-06,2137.4333333333334,27332.366666666665,1221.5666666666666,5349.433333333333,791.6666666666666,0.014035525474478736,0.13333333333333333,22,2000,2021,1
157,36109,30,25,5,2,A3,U,19,5,10,30,3,2,0,A3,PA,Major,9.245630767518165e-06,9290.1,40578.1,1358.4,7320.833333333333,2232.866666666667,0.003229244033971647,0.16666666666666666,22,2000,2021,1
158,28212,29,27,2,14,A1202,C,18,2,7,30,6,2,0,A1202,PA,Major,1.1698141975706479e-05,2287.103448275862,30301.758620689656,1421.8620689655172,5011.3448275862065,391.2758620689655,0.012679793746042277,0.06896551724137931,22,2000,2021,1
159,73304,29,24,5,8,A201,A3200,9,4,6,30,6,2,5,A201,PA,Major,1.2595101331827161e-05,6509.275862068966,28534.827586206895,924.9310344827586,4640.551724137931,1079.4137931034484,0.004455180670555017,0.1724137931034483,22,2000,2021,1
160,36435,29,26,3,6,A40,na0,20,7,10,30,0,-1,5,A40,PA,Major,1.0607825712252057e-05,1615.1724137931035,13181.379310344828,220.24137931034483,853.3448275862069,5263.0344827586205,0.01795473953885568,0.10344827586206896,22,2000,2021,1
161,27236,29,27,2,12,A501,U,18,2,6,30,3,2,5,A501,PA,Major,2.294142071232101e-05,1935.0689655172414,74464.72413793103,2923.7586206896553,10888.931034482759,2514.5172413793102,0.014986545966462926,0.06896551724137931,22,2000,2021,1
162,73640,29,23,6,0,A3220,A3220,9,4,12,30,6,2,5,A3220,PA,Major,7.837956884075109e-06,2071.448275862069,23134.862068965518,658.3448275862069,3578.896551724138,1304.9310344827586,0.013999866826474897,0.20689655172413793,22,2000,2021,1
163,48547,28,26,2,1,A203,A3036,8,4,8,30,3,2,0,A203,PA,Major,1.6995034147720024e-05,1578.607142857143,41377.67857142857,1716.607142857143,8235.142857142857,1278.0714285714287,0.01773715526798036,0.07142857142857142,22,2000,2021,1
164,38702,28,23,5,8,A3211,C,8,2,11,30,3,2,5,A3211,PA,Major,1.0864977254769463e-05,359.5357142857143,12659.357142857143,538.75,1833.392857142857,126.17857142857143,0.07787821595311414,0.17857142857142858,22,2000,2021,1
165,58172,28,27,1,1,A202,U,13,5,7,30,6,2,5,A202,PA,Major,3.2045183201852433e-05,1576.8214285714287,26198.0,901.75,4917.25,1318.75,0.01775724219156984,0.03571428571428571,22,2000,2021,1
166,57690,28,19,9,7,A401,A4200,16,3,5,30,6,4,5,A401,PA,Major,8.055556393879022e-06,4823.035714285715,17952.285714285714,373.5357142857143,2359.035714285714,2140.9285714285716,0.005805472249990743,0.32142857142857145,21,2000,2020,1
167,48576,28,24,4,0,A3216,A3212,8,3,1,30,6,2,5,A3216,PA,Major,6.775454220895639e-06,2853.6785714285716,27539.714285714286,1505.892857142857,5386.321428571428,1339.25,0.009811896925021588,0.14285714285714285,22,2000,2021,1
168,57902,28,23,5,14,A501,A501,10,5,10,30,3,4,0,A501,PA,Major,5.088621989890594e-06,242.60714285714286,16849.214285714286,768.1428571428571,3528.9285714285716,433.60714285714283,0.11541292506992493,0.17857142857142858,22,2000,2021,1
169,26114,28,27,1,7,A4,U,10,6,11,30,3,2,5,A4,PA,Major,1.9338719452892397e-05,2052.464285714286,13048.57142857143,380.2142857142857,2226.8571428571427,2128.535714285714,0.013642137500217508,0.03571428571428571,22,2000,2021,1
170,37699,27,24,3,8,A3,A3,9,2,10,30,3,2,5,A3,PA,Major,3.854761815597376e-06,6478.259259259259,26857.444444444445,1192.888888888889,4659.555555555556,2530.8518518518517,0.004167786270888956,0.1111111111111111,22,2000,2021,1
171,81032,27,23,4,8,A1,A1211,8,3,11,30,1,4,0,A1,PA,Major,2.292558451337024e-05,1162.962962962963,19043.59259259259,564.3333333333334,2797.222222222222,898.1111111111111,0.02321656050955414,0.14814814814814814,17,2005,2021,1
172,56990,27,24,3,13,A4200,U,17,5,7,30,3,4,0,A4200,PA,Major,3.2946629002651335e-05,1567.888888888889,12107.0,360.037037037037,2191.777777777778,766.925925925926,0.01722060803628375,0.1111111111111111,22,2000,2021,1
173,18497,27,24,3,15,A107,U,9,3,7,30,6,2,0,A107,PA,Major,1.4264786039919136e-05,1334.148148148148,21597.777777777777,1024.3333333333333,2807.4814814814813,2158.1111111111113,0.020237632557881295,0.1111111111111111,22,2000,2021,1
174,8489,27,24,3,10,A13,U,8,2,7,30,3,2,5,A13,PA,Major,1.708789771659591e-05,883.8518518518518,27174.777777777777,1315.3703703703704,3614.5555555555557,1137.4444444444443,0.030548105933623868,0.1111111111111111,22,2000,2021,1
175,47658,27,21,6,1,A3205,U,9,3,1,30,3,4,0,A3205,PA,Major,9.73866654236579e-05,1360.2222222222222,27503.185185185186,1545.8148148148148,5938.777777777777,919.2592592592592,0.019849697761803627,0.2222222222222222,22,2000,2021,1
176,6095,26,23,3,4,A2,U,9,4,7,30,3,4,0,A2,PA,Major,5.459716004912341e-06,1259.923076923077,27890.73076923077,1777.7307692307693,4048.346153846154,1221.7307692307693,0.020636180474998475,0.11538461538461539,22,2000,2021,1
177,47727,26,24,2,13,A4201,U,18,4,6,30,6,2,5,A4201,PA,Major,1.220833461091034e-05,1282.923076923077,15846.115384615385,461.15384615384613,2534.1923076923076,379.9230769230769,0.02026621897109965,0.07692307692307693,22,2000,2021,1
178,27783,26,24,2,13,A5200,U,10,4,7,30,3,4,0,A5200,PA,Major,4.6794330918092576e-05,541.0,13336.384615384615,936.0384615384615,2577.6153846153848,373.7307692307692,0.04805914972273567,0.07692307692307693,22,2000,2021,1
179,6644,26,23,3,17,A112,U,9,2,8,30,3,2,5,A112,PA,Major,4.099766171675349e-05,302.11538461538464,16762.0,278.3076923076923,1437.3846153846155,1417.3076923076924,0.08605983450031826,0.11538461538461539,22,2000,2021,1
180,58175,26,26,0,4,A200,A2209,7,3,4,30,6,4,4,A200,PA,Major,1.644104893073285e-05,1925.6923076923076,26115.73076923077,1130.2307692307693,4495.576923076923,833.1923076923077,0.013501637772629225,0.0,22,2000,2021,1
181,75101,26,25,1,7,A40,U,9,4,4,30,3,4,0,A40,PA,Major,1.4854239243404264e-05,2701.6153846153848,16402.26923076923,496.0,2257.5384615384614,1426.3846153846155,0.00962387175763788,0.038461538461538464,22,2000,2021,1
182,27660,26,22,4,1,A3204,U,9,3,5,30,3,2,0,A3204,PA,Major,2.181914952426273e-05,511.4230769230769,20601.96153846154,866.7307692307693,3730.4615384615386,278.6923076923077,0.05083853500789652,0.15384615384615385,22,2000,2021,1
183,37102,26,24,2,14,A401,U,7,3,1,30,3,4,0,A401,PA,Major,3.1772524324737186e-05,3392.4615384615386,11260.692307692309,437.46153846153845,1808.5,1275.6923076923076,0.007664051516938007,0.07692307692307693,22,2000,2021,1
184,80722,26,23,3,13,A5202,na0,7,4,5,30,0,-1,0,A5202,PA,Major,2.6639643095547592e-05,467.8076923076923,15946.038461538461,159.57692307692307,525.5,407.2692307692308,0.05557839348844857,0.11538461538461539,18,2004,2021,1
185,17688,26,21,5,13,A5200,B502,9,4,3,30,6,2,0,A5200,PA,Major,2.5072160052312725e-05,1275.2692307692307,12863.423076923076,289.4230769230769,1775.0,678.2307692307693,0.020387851735681757,0.19230769230769232,22,2000,2021,1
186,27787,25,22,3,12,A5205,A5205,9,5,4,30,6,2,5,A5205,PA,Major,8.059490314132045e-05,714.92,21966.44,785.08,4143.2,446.24,0.0349689475745538,0.12,22,2000,2021,1
187,8754,25,22,3,5,A1206,U,17,5,11,30,0,4,0,A1206,PA,Major,0.00010106030685769469,702.88,8990.88,226.0,1017.92,564.2,0.0355679490097883,0.12,22,2000,2021,1
188,7607,25,21,4,0,A3218,A3218,18,3,4,30,3,2,0,A3218,PA,Major,0.00013580101915489052,948.84,15610.44,342.76,2376.72,423.08,0.02634796172168121,0.16,22,2000,2021,1
189,27607,25,24,1,3,A2206,U,16,3,6,30,3,4,0,A2206,PA,Major,0.00014931121940540043,197.6,10577.68,451.36,1898.92,25.32,0.12651821862348178,0.04,22,2000,2021,1
190,18454,24,22,2,13,A501,A4201,8,6,5,30,6,2,5,A501,PA,Major,7.744151427810816e-06,2523.5,76778.70833333333,2780.9166666666665,11261.416666666666,1980.7916666666667,0.009510600356647513,0.08333333333333333,22,2000,2021,1
191,73681,24,18,6,1,A202,na0,8,2,11,30,0,-1,0,A202,PA,Major,1.1717979404135197e-05,4204.708333333333,48579.875,1640.25,9156.916666666666,2125.5416666666665,0.005707886991765184,0.25,22,2000,2021,1
192,74971,24,19,5,0,A302,A3217,8,2,9,30,6,2,5,A302,PA,Major,1.1031654343622406e-05,1204.7916666666667,30928.291666666668,1039.625,4627.375,3838.5416666666665,0.019920456510461697,0.20833333333333334,22,2000,2021,1
193,16613,24,21,3,9,A100,na0,7,3,11,30,0,-1,0,A100,PA,Major,1.3165639931341999e-05,3712.9583333333335,32936.708333333336,1124.25,6877.5,1131.9166666666667,0.006463848458663914,0.125,22,2000,2021,1
194,57532,24,19,5,2,A302,A3,9,5,8,30,1,4,0,A302,PA,Major,1.636237119156097e-05,990.7916666666666,16101.416666666666,616.3333333333334,2686.9583333333335,1290.7916666666667,0.02422305395517053,0.20833333333333334,22,2000,2021,1
195,75397,24,15,9,8,A3,C,9,4,12,30,3,2,0,A3,PA,Major,4.981863351229591e-06,5788.458333333333,26870.583333333332,763.5,3943.6666666666665,3699.5416666666665,0.004146181697775027,0.375,22,2000,2021,1
196,18468,24,15,9,8,A3211,C,8,5,7,30,3,2,5,A3211,PA,Major,8.586157112376833e-06,6235.166666666667,51609.333333333336,2024.75,8273.791666666666,1088.75,0.0038491352810670655,0.375,22,2000,2021,1
197,28216,24,20,4,12,A502,A502,17,3,8,30,3,4,0,A502,PA,Major,3.583896884023327e-05,736.7083333333334,13421.958333333334,411.6666666666667,2412.875,749.875,0.03257734291046886,0.16666666666666666,22,2000,2021,1
198,6871,24,21,3,8,A201,A3202,8,4,2,30,1,4,1,A201,PA,Major,1.0683010853178617e-05,2284.3333333333335,18589.458333333332,888.625,3283.5,4746.333333333333,0.01050634758499927,0.125,22,2000,2021,1
199,57910,23,21,2,1,A202,U,8,3,4,30,3,4,0,A202,PA,Major,2.9567007041133915e-05,981.5652173913044,12307.260869565218,374.7826086956522,1490.0869565217392,1426.608695652174,0.023431963146704465,0.08695652173913043,22,2000,2021,1
200,73746,23,20,3,3,A2,A2,8,3,6,30,3,2,0,A2,PA,Major,1.4703300009402268e-05,1703.9565217391305,30922.217391304348,1456.8260869565217,4673.782608695652,1663.9130434782608,0.01349799698910464,0.13043478260869565,22,2000,2021,1
201,48579,23,19,4,8,A3200,U,9,3,6,30,6,4,0,A3200,PA,Major,1.0778633340026046e-05,2008.304347826087,19527.08695652174,656.3913043478261,3297.9565217391305,487.04347826086956,0.011452447446472256,0.17391304347826086,22,2000,2021,1
202,56506,23,21,2,15,A107,B118,10,3,9,30,3,4,1,A107,PA,Major,1.4896652786630824e-05,616.8260869565217,18463.08695652174,805.695652173913,2650.1739130434785,1097.7826086956522,0.03728765771480933,0.08695652173913043,22,2000,2021,1
203,27241,23,17,6,13,A503,A5202,9,6,6,30,6,2,5,A503,PA,Major,8.526225326369873e-06,2688.782608695652,31224.391304347828,1068.0434782608695,5423.869565217391,923.6086956521739,0.008554057113288703,0.2608695652173913,22,2000,2021,1
204,27658,22,22,0,8,A3202,A201,9,4,1,30,1,4,1,A3202,PA,Major,2.278992894200704e-05,454.3636363636364,19024.045454545456,922.4545454545455,3570.318181818182,1838.590909090909,0.04841936774709884,0.0,22,2000,2021,1
205,38270,22,21,1,9,A1210,C,9,5,8,30,3,4,0,A1210,PA,Major,9.779246971446377e-06,743.8636363636364,20256.136363636364,789.5909090909091,3745.6363636363635,746.5454545454545,0.02957531316834708,0.045454545454545456,22,2000,2021,1
206,27075,22,20,2,13,A400,U,9,3,7,30,3,4,0,A400,PA,Major,9.974939094667353e-06,913.2272727272727,7846.0,257.72727272727275,1092.4545454545455,663.4090909090909,0.02409038873127271,0.09090909090909091,22,2000,2021,1
207,58136,22,21,1,7,A4,A4,8,2,1,30,6,2,5,A4,PA,Major,9.372530205685823e-06,833.8181818181819,22499.090909090908,886.0909090909091,3792.9545454545455,2203.681818181818,0.026384648931530745,0.045454545454545456,18,2000,2017,1
208,26078,22,19,3,8,A1,B100,9,5,8,30,3,2,5,A1,PA,Major,1.7831973591439e-05,1260.090909090909,15807.045454545454,542.4545454545455,2734.7272727272725,673.1818181818181,0.01745905778803838,0.13636363636363635,22,2000,2021,1
209,56967,22,20,2,1,A3036,U,19,4,1,30,3,4,0,A3036,PA,Major,3.3534024580793856e-05,836.8181818181819,19277.136363636364,770.0454545454545,2991.6363636363635,809.4090909090909,0.026290059750135795,0.09090909090909091,12,2000,2011,1
210,8469,22,18,4,7,A400,A400,18,3,6,30,3,2,5,A400,PA,Major,2.0497986231082217e-05,1719.2727272727273,17049.454545454544,597.5454545454545,3043.0454545454545,1065.2727272727273,0.012796108291032149,0.18181818181818182,22,2000,2021,1
211,57537,22,20,2,12,A501,A41,10,5,9,30,6,2,5,A501,PA,Major,1.0145577326456027e-05,1731.2272727272727,80417.09090909091,2832.5454545454545,10105.40909090909,2202.409090909091,0.012707748050515924,0.09090909090909091,22,2000,2021,1
212,57719,22,21,1,13,A5203,C,8,3,4,30,3,4,1,A5203,PA,Major,0.00011727410648913185,1245.4545454545455,17354.81818181818,998.7272727272727,2627.0454545454545,1107.3636363636363,0.017664233576642336,0.045454545454545456,22,2000,2021,1
213,18600,21,19,2,8,A4,A40,9,3,9,30,3,2,5,A4,PA,Major,3.0129674218337195e-05,1336.952380952381,13347.333333333334,473.85714285714283,1847.2857142857142,254.9047619047619,0.015707365721612764,0.09523809523809523,22,2000,2021,1
214,6425,21,19,2,7,A40,A5200,9,4,3,30,3,2,0,A40,PA,Major,1.218503042154885e-05,4177.666666666667,21009.666666666668,635.0952380952381,2471.3333333333335,1310.047619047619,0.005026729434293465,0.09523809523809523,22,2000,2021,1
215,37646,21,18,3,3,A2208,C,18,2,11,30,3,4,0,A2208,PA,Major,3.369130166040444e-05,340.5238095238095,23033.14285714286,793.047619047619,3813.7619047619046,567.952380952381,0.06166969654593763,0.14285714285714285,22,2000,2021,1
216,38177,21,17,4,7,A4,U,8,2,5,30,3,4,0,A4,PA,Major,2.972348542844769e-05,671.5238095238095,18395.47619047619,707.0,2781.190476190476,307.0,0.031272159977308187,0.19047619047619047,22,2000,2021,1
217,7237,21,20,1,13,A5202,U,10,2,6,30,3,4,1,A5202,PA,Major,1.2128212765979895e-05,1154.0,10230.333333333334,285.95238095238096,1943.6666666666667,144.04761904761904,0.018197573656845753,0.047619047619047616,22,2000,2021,1
218,17689,21,18,3,14,A5201,U,19,5,3,30,3,2,5,A5201,PA,Major,7.16125596481024e-06,2143.0476190476193,18752.47619047619,898.3809523809524,2739.6666666666665,757.5238095238095,0.009799128966314104,0.14285714285714285,22,2000,2021,1
219,27579,21,20,1,14,A1200,U,9,3,3,30,3,4,1,A1200,PA,Major,1.1404417086116088e-05,1436.857142857143,21674.95238095238,598.2857142857143,3694.809523809524,458.1904761904762,0.01461523165639292,0.047619047619047616,22,2000,2021,1
220,76054,21,14,7,13,A501,A400,9,6,11,30,0,2,5,A501,PA,Major,1.2789032274341024e-05,1526.1904761904761,61508.23809523809,2207.0476190476193,8218.333333333334,1619.4285714285713,0.0137597503900156,0.3333333333333333,22,2000,2021,1
221,47244,21,20,1,14,A501,A5201,8,2,3,30,1,2,5,A501,PA,Major,7.727860322379318e-06,3958.190476190476,41895.90476190476,1745.0,7098.666666666667,2145.3809523809523,0.0053054546329491595,0.047619047619047616,22,2000,2021,1
222,58060,21,17,4,14,A1,A501,8,4,4,30,6,2,5,A1,PA,Major,2.718002352477769e-05,516.7619047619048,16163.0,710.6190476190476,2700.0476190476193,442.7142857142857,0.040637670475488386,0.19047619047619047,22,2000,2021,1
223,16631,20,20,0,17,A114,U,15,4,3,30,3,4,0,A114,PA,Major,6.791738638819476e-05,196.2,15051.35,165.35,1656.05,355.1,0.10193679918450561,0.0,22,2000,2021,1
224,82115,20,19,1,2,A23,A202,9,1,2,30,3,2,5,A23,PA,Major,1.706053424331164e-05,4137.85,14946.4,560.05,3004.3,922.75,0.004833427987964764,0.05,9,2013,2021,1
225,29037,20,16,4,9,A1203,C,18,3,7,30,3,4,0,A1203,PA,Major,2.896381512637092e-05,377.0,48907.15,3573.5,9230.05,830.8,0.05305039787798409,0.2,22,2000,2021,1
226,6119,20,18,2,7,A4,B400,19,3,6,30,3,2,5,A4,PA,Major,1.109365205321367e-05,2761.25,26643.0,668.85,3523.35,2385.75,0.007243096423721141,0.1,22,2000,2021,1
227,70190,20,18,2,7,A4201,A40,10,5,3,30,6,2,5,A4201,PA,Major,1.8042973594622766e-05,498.95,5669.6,78.15,872.1,23.95,0.04008417677121956,0.1,22,2000,2021,1
228,38267,20,15,5,14,A1202,U,9,3,2,30,3,2,5,A1202,PA,Major,1.4752105215024019e-05,1683.15,32103.85,1254.15,4809.55,259.5,0.011882482250542137,0.25,22,2000,2021,1
229,38534,20,16,4,7,A4,A4,10,6,6,30,3,4,0,A4,PA,Major,1.0239997949070655e-05,1717.85,19471.45,601.1,2971.8,4840.45,0.011642460051808948,0.2,21,2000,2020,1
230,26777,20,15,5,1,A202,U,9,3,6,30,3,4,0,A202,PA,Major,1.879060714040982e-05,2301.85,23709.7,852.9,4419.85,1046.25,0.00868866346634229,0.25,22,2000,2021,1
231,56774,20,14,6,13,A501,A501,22,6,4,30,3,2,5,A501,PA,Major,1.516221670464811e-05,204.3,14263.85,647.8,2894.95,57.05,0.0978952520802741,0.3,22,2000,2021,1
232,37662,20,19,1,8,A3200,C,18,3,10,30,6,4,0,A3200,PA,Major,2.5306062277165753e-05,2669.1,15730.8,618.95,2527.65,439.65,0.007493162489228579,0.05,22,2000,2021,1
233,7716,20,15,5,14,A5201,C,21,2,6,30,3,2,5,A5201,PA,Major,9.154141389717145e-06,2406.05,22396.95,1051.4,4056.95,1018.05,0.008312379210739594,0.25,22,2000,2021,1
234,75339,20,15,5,13,A501,A501,19,5,4,30,3,2,0,A501,PA,Major,8.291364952194918e-06,2080.7,29675.2,1142.2,4281.05,1826.75,0.00961214975729322,0.25,22,2000,2021,1
235,47081,20,19,1,13,A400,U,8,2,2,30,3,4,0,A400,PA,Major,1.980442635162329e-05,1103.3,18244.85,578.45,2827.95,1527.5,0.018127435874195595,0.05,22,2000,2021,1
236,73641,20,18,2,0,A3217,A3217,18,6,6,30,6,4,0,A3217,PA,Major,1.6612206895009903e-05,1578.1,19223.8,381.0,2084.5,216.45,0.012673468094544072,0.1,22,2000,2021,1
237,48537,20,18,2,12,A41,na0,10,2,6,30,0,-1,0,A41,PA,Major,2.315935561608635e-05,260.5,21562.15,706.15,2756.3,1286.15,0.07677543186180422,0.1,22,2000,2021,1
238,75343,20,19,1,2,A202,U,18,6,6,30,3,4,0,A202,PA,Major,8.415676132627158e-06,2074.1,17464.5,637.35,2683.75,1330.65,0.009642736608649536,0.05,22,2000,2021,1
239,17641,20,17,3,12,A501,A501,8,4,7,30,6,2,5,A501,PA,Major,1.4320638279948948e-05,784.45,16919.35,313.3,2406.55,855.65,0.025495570144687358,0.15,22,2000,2021,1
240,6630,20,17,3,14,A104,U,8,4,3,30,3,4,0,A104,PA,Major,2.6675879551264982e-05,3191.8,15514.35,431.85,1903.9,1557.6,0.0062660567704743405,0.15,22,2000,2021,1
241,17009,20,18,2,14,A401,A201,18,3,3,30,6,4,0,A401,PA,Major,1.5645410320403004e-05,2423.6,9073.65,338.2,1759.1,1305.85,0.00825218682950982,0.1,22,2000,2021,1
242,8095,20,19,1,8,A2198,U,10,2,3,30,3,4,0,A2198,PA,Major,4.8052639208981054e-05,1138.65,11967.05,471.85,2969.85,264.25,0.0175646599042726,0.05,22,2000,2021,1
243,73680,19,16,3,8,A301,A301,12,5,6,30,6,4,0,A301,PA,Major,2.0534501465989542e-05,3775.842105263158,19268.684210526317,552.2105263157895,2393.157894736842,3304.4736842105262,0.005031990075410156,0.15789473684210525,22,2000,2021,1
244,16250,19,17,2,1,A23,U,12,4,3,30,3,2,5,A23,PA,Major,1.4589089609180731e-05,2575.842105263158,14054.578947368422,369.94736842105266,2445.1052631578946,808.0,0.00737622852005476,0.10526315789473684,22,2000,2021,1
245,28504,19,18,1,13,A501,U,9,3,5,30,3,4,0,A501,PA,Major,1.000687163899147e-05,1885.2105263157894,17968.947368421053,796.8947368421053,2532.4736842105262,1609.0,0.010078449984645022,0.05263157894736842,22,2000,2021,1
246,37775,19,18,1,6,A4205,U,9,3,10,30,3,4,0,A4205,PA,Major,3.817479458246604e-05,592.3684210526316,5702.0526315789475,127.52631578947368,498.4736842105263,1006.0,0.0320746334962239,0.05263157894736842,17,2000,2016,1
247,47580,18,14,4,9,A1202,A1202,8,3,5,30,3,4,0,A1202,PA,Major,7.835158862661634e-06,887.3333333333334,11304.944444444445,451.3888888888889,2671.1666666666665,18.61111111111111,0.020285499624342597,0.2222222222222222,22,2000,2021,1
248,17917,18,16,2,7,A3214,A3214,8,2,4,30,6,2,5,A3214,PA,Major,2.2992049590782933e-05,2762.3888888888887,20619.222222222223,367.3333333333333,1840.9444444444443,557.7222222222222,0.006516099189509885,0.1111111111111111,22,2000,2021,1
249,7715,18,17,1,13,A5200,A501,15,3,1,30,3,4,5,A5200,PA,Major,2.4949131261877366e-05,830.0,13770.055555555555,698.4444444444445,1767.7222222222222,1238.7222222222222,0.021686746987951807,0.05555555555555555,22,2000,2021,1
250,26773,18,15,3,4,A200,U,18,6,4,30,3,4,0,A200,PA,Major,2.2800170738020675e-05,989.7777777777778,16966.666666666668,589.3888888888889,2738.8888888888887,375.72222222222223,0.018185900314324203,0.16666666666666666,22,2000,2021,1
251,48352,18,17,1,13,A400,C,8,4,2,30,6,2,5,A400,PA,Major,2.7294253584479837e-05,2578.1111111111113,14752.611111111111,696.6111111111111,2202.777777777778,178.77777777777777,0.00698185579450933,0.05555555555555555,22,2000,2021,1
252,37914,18,16,2,7,A400,U,9,4,5,30,3,2,5,A400,PA,Major,2.1516410527319237e-05,1476.7222222222222,7376.0,272.77777777777777,1180.388888888889,1844.388888888889,0.012189157669011701,0.1111111111111111,18,2000,2017,1
253,48159,18,15,3,7,A400,A400,15,5,5,30,6,2,0,A400,PA,Major,1.204572387020018e-05,1730.2777777777778,15000.666666666666,415.55555555555554,2263.777777777778,1396.7777777777778,0.010402953925188634,0.16666666666666666,22,2000,2021,1
254,8480,18,16,2,8,A200,U,18,2,1,30,3,4,0,A200,PA,Major,9.207856296394863e-06,3943.1666666666665,8365.388888888889,415.72222222222223,1650.6666666666667,1191.611111111111,0.004564859038843569,0.1111111111111111,22,2000,2021,1
255,36676,18,15,3,17,A112,U,9,4,10,30,3,4,0,A112,PA,Major,4.927625417358895e-05,195.44444444444446,17775.944444444445,284.1666666666667,1809.1666666666667,1032.388888888889,0.09209778283115407,0.16666666666666666,22,2000,2021,1
256,56099,18,16,2,8,A3,U,9,4,11,30,6,2,5,A3,PA,Major,1.376481597481398e-05,2684.0555555555557,15152.611111111111,620.2222222222222,2548.3333333333335,1511.4444444444443,0.006706269534079854,0.1111111111111111,22,2000,2021,1
257,70002,17,13,4,10,A1206,U,8,5,5,30,3,2,0,A1206,PA,Major,1.5079008788730486e-05,1271.0,18608.823529411766,783.5294117647059,2420.9411764705883,833.1176470588235,0.013375295043273014,0.23529411764705882,22,2000,2021,1
258,82116,17,16,1,1,A3036,U,8,4,1,30,3,4,0,A3036,PA,Major,3.4188485184734015e-05,1488.235294117647,16067.64705882353,888.8823529411765,2717.0588235294117,872.9411764705883,0.011422924901185771,0.058823529411764705,10,2012,2021,1
259,26184,17,14,3,8,A3,na0,19,4,5,30,3,-1,0,A3,PA,Major,9.867938128935147e-06,3804.5882352941176,16459.647058823528,667.7058823529412,3133.5882352941176,1643.4117647058824,0.004468289062741581,0.17647058823529413,22,2000,2021,1
260,36918,17,14,3,7,A302,na0,19,1,8,30,0,-1,0,A302,PA,Major,2.6490960483541465e-05,3094.1176470588234,23095.941176470587,441.0,2634.470588235294,2304.235294117647,0.005494296577946769,0.17647058823529413,22,2000,2021,1
261,48613,17,14,3,7,A4,A4,15,4,6,30,3,2,5,A4,PA,Major,1.0647008805358064e-05,1872.4705882352941,32113.176470588234,798.3529411764706,4043.176470588235,3515.470588235294,0.009078914300075396,0.17647058823529413,22,2000,2021,1
262,75401,17,15,2,8,A3211,C,9,2,3,30,6,2,5,A3211,PA,Major,8.192301317039022e-06,2070.176470588235,52430.35294117647,4424.117647058823,8962.470588235294,1303.5882352941176,0.008211860313130454,0.11764705882352941,22,2000,2021,1
263,28510,17,12,5,9,A200,U,8,5,7,30,3,4,0,A200,PA,Major,1.4073088658240516e-05,2185.0588235294117,7350.411764705882,473.5882352941176,1396.0588235294117,438.11764705882354,0.007780110913691919,0.29411764705882354,22,2000,2021,1
264,36793,17,16,1,13,A201,C,19,4,3,30,6,2,5,A201,PA,Major,5.748121397808605e-06,1606.0588235294117,18252.0,814.5882352941177,2572.5882352941176,489.29411764705884,0.010584917408343405,0.058823529411764705,22,2000,2021,1
265,57538,17,13,4,7,A40,C,17,5,5,30,6,2,5,A40,PA,Major,1.018322704374649e-05,2406.235294117647,16139.529411764706,362.29411764705884,2967.5882352941176,261.7647058823529,0.007064978242800567,0.23529411764705882,22,2000,2021,1
266,18463,17,13,4,1,A3204,A3204,12,3,10,30,3,2,0,A3204,PA,Major,1.2057543326238477e-05,952.8235294117648,22450.882352941175,902.8235294117648,3778.176470588235,667.7058823529412,0.017841708852944806,0.23529411764705882,22,2000,2021,1
267,26641,17,16,1,2,A100,B202,16,6,7,30,6,2,0,A100,PA,Major,9.605472731417124e-06,1839.4705882352941,24192.941176470587,1148.5294117647059,4894.941176470588,920.1176470588235,0.009241789517444277,0.058823529411764705,22,2000,2021,1
268,38630,17,14,3,12,A41,A5205,8,3,3,30,1,4,0,A41,PA,Major,7.239627886300348e-06,1466.2941176470588,41260.64705882353,1047.8823529411766,6185.117647058823,1881.4705882352941,0.011593854053837204,0.17647058823529413,22,2000,2021,1
269,47664,17,14,3,0,A3216,B302,8,3,6,30,6,2,5,A3216,PA,Major,1.8751582401735444e-05,1954.5294117647059,12561.529411764706,344.29411764705884,2275.1176470588234,861.5882352941177,0.008697745809131128,0.17647058823529413,22,2000,2021,1
270,28498,17,14,3,13,A503,A503,11,2,7,30,3,4,4,A503,PA,Major,5.8857990215507995e-06,575.1764705882352,15378.588235294117,541.3529411764706,3144.9411764705883,682.2352941176471,0.02955614645121702,0.17647058823529413,22,2000,2021,1
271,28383,16,14,2,2,A23,A202,18,3,1,30,3,2,5,A23,PA,Major,1.7023477973154165e-05,3121.875,18795.625,549.5625,2928.25,833.5,0.005125125125125125,0.125,13,2000,2012,1
272,58164,16,12,4,0,A4,A3218,9,3,4,30,3,4,0,A4,PA,Major,1.729048439362496e-05,1024.5,43902.5625,1004.875,5282.9375,1778.9375,0.015617374328940947,0.25,22,2000,2021,1
273,56984,16,13,3,1,A3203,U,8,3,6,30,3,2,5,A3203,PA,Major,1.965225084656831e-05,776.75,15882.0625,815.8125,3034.625,951.1875,0.020598648213710977,0.1875,22,2000,2021,1
274,48683,16,12,4,8,A3211,na0,8,2,1,30,0,-1,0,A3211,PA,Major,9.004821355527487e-06,2541.375,43640.4375,2210.0625,5971.375,1012.1875,0.006295804436574689,0.25,22,2000,2021,1
275,28110,16,12,4,0,A3220,A3217,9,5,6,30,6,2,0,A3220,PA,Major,1.7885041238881012e-05,2290.625,15841.875,328.4375,3050.125,1234.3125,0.006984993178717599,0.25,22,2000,2021,1
276,8487,16,16,0,4,A2209,U,9,4,5,30,3,4,0,A2209,PA,Major,3.435269163412337e-05,1103.4375,23236.125,1088.0625,3388.0625,407.25,0.01450014160294534,0.0,22,2000,2021,1
277,17567,15,12,3,1,A3203,A3212,18,5,2,30,1,4,1,A3203,PA,Major,1.4764370496892058e-05,4214.266666666666,25208.866666666665,936.1333333333333,4316.6,1673.6,0.0035593381213022434,0.2,22,2000,2021,1
278,75102,15,13,2,7,A40,A40,18,6,7,30,3,2,5,A40,PA,Major,5.814736671638355e-06,2613.6,17764.866666666665,532.0666666666667,2304.6,1104.6666666666667,0.005739210284664831,0.13333333333333333,22,2000,2021,1
279,8376,15,15,0,17,A11,A11,18,3,3,30,3,4,0,A11,PA,Major,1.7713595063895465e-05,938.1333333333333,32525.933333333334,872.0666666666667,3196.4666666666667,2226.6,0.01598919840818647,0.0,22,2000,2021,1
280,7043,15,14,1,13,A400,A4201,17,3,6,30,6,2,5,A400,PA,Major,1.3544268526141436e-05,1851.8,19390.066666666666,624.0,3260.2,1653.2,0.008100226806350579,0.06666666666666667,22,2000,2021,1
281,38701,15,12,3,13,A501,A5203,9,2,10,30,6,2,5,A501,PA,Major,4.808453049166091e-06,1225.2666666666667,22176.666666666668,796.8,3017.0,1197.1333333333334,0.012242232983296153,0.2,22,2000,2021,1
282,48424,15,14,1,3,A2208,A2208,8,5,2,30,3,4,0,A2208,PA,Major,1.4303201837384014e-05,1092.4666666666667,28532.266666666666,776.2666666666667,3764.3333333333335,801.5333333333333,0.013730396045645939,0.06666666666666667,22,2000,2021,1
283,56069,15,13,2,14,A1,U,9,5,7,30,3,4,0,A1,PA,Major,3.214704192170482e-05,1464.4666666666667,11560.066666666668,623.0,2607.133333333333,548.2666666666667,0.010242636682296172,0.13333333333333333,22,2000,2021,1
284,16840,15,8,7,8,A300,C,8,2,1,30,6,2,0,A300,PA,Major,6.201466616351187e-06,1349.0,8739.533333333333,702.1333333333333,1933.6666666666667,524.1333333333333,0.01111934766493699,0.4666666666666667,22,2000,2021,1
285,7598,15,14,1,8,A200,A100,17,3,4,30,3,4,0,A200,PA,Major,1.0585649455842007e-05,2563.4,9582.933333333332,521.8666666666667,2059.6666666666665,1267.1333333333334,0.005851603339314972,0.06666666666666667,22,2000,2021,1
286,18169,15,13,2,6,A5204,A41,19,4,9,30,6,2,0,A5204,PA,Major,1.654911999463042e-05,1354.2666666666667,11530.533333333333,281.1333333333333,1228.2666666666667,160.66666666666666,0.011076105149158216,0.13333333333333333,22,2000,2021,1
287,6748,15,14,1,9,A101,A200,17,4,8,30,1,4,0,A101,PA,Major,9.306332908698999e-05,160.26666666666668,32582.466666666667,478.06666666666666,6254.466666666666,21.533333333333335,0.09359400998336105,0.06666666666666667,22,2000,2021,1
288,75427,15,15,0,11,A1261,A1261,17,5,1,30,1,4,0,A1261,PA,Major,1.3656227956562942e-05,100.26666666666667,49166.066666666666,2506.0666666666666,6476.8,452.2,0.14960106382978725,0.0,22,2000,2021,1
289,74975,15,12,3,6,A41,A5204,18,4,10,30,6,2,5,A41,PA,Major,9.271535560654738e-06,278.6,16909.666666666668,416.3333333333333,2098.0,1667.2666666666667,0.05384063173007896,0.2,22,2000,2021,1
290,37707,14,14,0,0,A3217,U,12,3,6,30,3,4,0,A3217,PA,Major,2.9985803307360106e-05,1564.5714285714287,19393.071428571428,627.9285714285714,2664.714285714286,1049.0,0.008948137326515705,0.0,22,2000,2021,1
291,18736,14,13,1,11,A1206,U,17,3,10,30,1,4,0,A1206,PA,Major,3.470384490359214e-05,100.71428571428571,33132.42857142857,1599.642857142857,4988.0,417.42857142857144,0.13900709219858157,0.07142857142857142,22,2000,2021,1
292,47088,14,13,1,6,A404,A4206,15,4,3,30,1,4,0,A404,PA,Major,0.00025383910751602143,685.6428571428571,18129.14285714286,741.2142857142857,2677.1428571428573,880.6428571428571,0.02041879362433587,0.07142857142857142,22,2000,2021,1
293,28382,14,11,3,4,A2,U,9,2,3,30,3,2,5,A2,PA,Major,1.1895020923622015e-05,1907.5714285714287,33650.78571428572,1373.9285714285713,5011.857142857143,1772.2857142857142,0.0073391747172919936,0.21428571428571427,22,2000,2021,1
294,7214,14,12,2,13,A503,A400,20,6,5,30,6,2,5,A503,PA,Major,1.2581188297983295e-05,2343.8571428571427,32024.14285714286,1137.4285714285713,5369.571428571428,1202.2857142857142,0.005973060279149144,0.14285714285714285,22,2000,2021,1
295,38167,14,11,3,12,A41,C,9,6,6,30,6,2,5,A41,PA,Major,3.595057476590141e-05,283.35714285714283,22400.428571428572,720.0714285714286,2799.6428571428573,1272.142857142857,0.04940761280564659,0.21428571428571427,22,2000,2021,1
296,8083,14,12,2,12,A41,U,18,7,6,30,3,4,0,A41,PA,Major,2.2741785492202598e-05,352.92857142857144,27084.64285714286,637.2142857142857,3313.785714285714,1688.5714285714287,0.03966808338393037,0.14285714285714285,22,2000,2021,1
297,8511,14,11,3,8,A3,na0,8,6,8,20,0,-1,0,A3,PA,Major,7.949871829115567e-06,6394.785714285715,27563.85714285714,823.5,4081.714285714286,3751.3571428571427,0.002189283679783752,0.21428571428571427,22,2000,2021,1
298,8448,14,14,0,7,A4,A4,18,7,1,30,3,2,5,A4,PA,Major,1.5376065443684993e-05,784.0,13130.57142857143,439.0,2178.714285714286,2242.5714285714284,0.017857142857142856,0.0,22,2000,2021,1
299,28506,14,13,1,1,A202,A3,9,3,3,30,6,2,5,A202,PA,Major,8.614484061487189e-06,1741.142857142857,25476.14285714286,1004.2857142857143,4061.214285714286,1575.0714285714287,0.008040695766327535,0.07142857142857142,22,2000,2021,1
300,38269,13,9,4,8,A3,na0,0,7,11,30,0,-1,0,A3,PA,Major,6.7406064737876775e-06,4706.153846153846,30362.846153846152,854.0,4273.846153846154,3623.3076923076924,0.0027623406341941814,0.3076923076923077,22,2000,2021,1
301,18459,13,13,0,14,A501,U,15,3,10,30,3,4,0,A501,PA,Major,6.084337699714837e-06,2649.923076923077,32058.53846153846,1529.5384615384614,4915.461538461538,1762.3846153846155,0.004905802780922523,0.0,22,2000,2021,1
302,75097,13,12,1,7,A40,A40,18,4,1,30,6,2,5,A40,PA,Major,7.66078836313769e-06,1997.3846153846155,18928.53846153846,774.3076923076923,2390.6923076923076,1564.3076923076924,0.006508511129939151,0.07692307692307693,22,2000,2021,1
303,26429,13,13,0,12,A501,U,21,5,3,30,3,4,0,A501,PA,Major,6.357150408658475e-06,1838.4615384615386,82157.07692307692,3177.0,11204.692307692309,1639.1538461538462,0.00707112970711297,0.0,22,2000,2021,1
304,74973,13,13,0,6,A41,C,9,3,3,30,6,2,5,A41,PA,Major,2.373790427802997e-05,584.9230769230769,4747.7692307692305,92.38461538461539,487.84615384615387,26.46153846153846,0.022225144660704892,0.0,22,2000,2021,1
305,17574,13,10,3,7,A3217,na0,18,4,7,30,0,-1,0,A3217,PA,Major,9.335577267063486e-06,1468.2307692307693,39177.61538461538,1221.2307692307693,5763.2307692307695,3191.0,0.008854193954000104,0.23076923076923078,22,2000,2021,1
306,26146,12,11,1,6,A5,U,8,2,10,30,3,4,0,A5,PA,Major,1.1254382019969787e-05,1422.6666666666667,34576.166666666664,1080.3333333333333,5825.25,2244.25,0.008434864104967197,0.08333333333333333,22,2000,2021,1
307,38368,12,11,1,13,A4200,A400,9,4,1,30,0,2,0,A4200,PA,Major,1.6719280406313244e-05,1311.5833333333333,8228.25,279.0833333333333,1502.1666666666667,829.9166666666666,0.009149247093207954,0.08333333333333333,22,2000,2021,1
308,58323,12,9,3,3,A2208,U,8,6,6,30,3,4,0,A2208,PA,Major,1.0838679058376355e-05,546.75,28406.666666666668,998.9166666666666,5048.666666666667,628.0833333333334,0.02194787379972565,0.25,22,2000,2021,1
309,46659,12,12,0,15,A106,U,17,7,4,30,3,4,0,A106,PA,Major,2.656584957612469e-05,564.8333333333334,12497.916666666666,660.5833333333334,2052.0,650.5833333333334,0.021245205075243433,0.0,22,2000,2021,1
310,56897,12,11,1,17,A1011,U,6,6,9,30,3,4,0,A1011,PA,Major,6.321052488088973e-05,140.16666666666666,17775.0,771.0833333333334,2894.5833333333335,549.0,0.08561236623067776,0.08333333333333333,22,2000,2021,1
311,28406,12,10,2,17,A11,A112,14,6,3,30,3,2,5,A11,PA,Major,1.8594028223510682e-05,341.0833333333333,17731.583333333332,571.5833333333334,1896.0833333333333,838.3333333333334,0.03518201807964818,0.16666666666666666,22,2000,2021,1
312,58173,12,11,1,6,A404,A5,8,3,3,30,6,2,5,A404,PA,Major,4.0504524939165524e-05,895.6666666666666,50408.166666666664,1103.75,5840.833333333333,897.6666666666666,0.01339784145887607,0.08333333333333333,22,2000,2021,1
313,38572,12,11,1,0,A3216,U,20,4,2,30,3,4,0,A3216,PA,Major,1.718258249323489e-05,770.25,13567.833333333334,553.6666666666666,2070.9166666666665,1582.0,0.01557935735150925,0.08333333333333333,22,2000,2021,1
314,57657,12,10,2,2,A3204,U,7,2,1,30,3,4,0,A3204,PA,Major,2.9057791898369246e-05,530.6666666666666,18373.916666666668,797.8333333333334,3950.0,304.1666666666667,0.022613065326633167,0.16666666666666666,22,2000,2021,1
315,81117,12,12,0,7,A301,A4,7,3,9,30,0,-1,5,A301,PA,Major,5.103838106117905e-06,6232.416666666667,25536.666666666668,751.8333333333334,3449.3333333333335,4252.833333333333,0.0019254168393747742,0.0,19,2002,2020,1
316,56433,12,11,1,0,A3214,na0,9,5,3,30,0,2,5,A3214,PA,Major,2.1560364630459117e-05,1117.3333333333333,25325.583333333332,757.8333333333334,2553.5833333333335,2966.3333333333335,0.010739856801909309,0.08333333333333333,22,2000,2021,1
317,73566,11,9,2,15,A1209,A10,17,4,7,30,3,4,0,A1209,PA,Major,1.0697041053590038e-05,1456.3636363636363,15081.363636363636,490.09090909090907,2137.909090909091,710.1818181818181,0.007553058676654183,0.18181818181818182,22,2000,2021,1
318,37543,11,9,2,11,A1011,na0,17,2,6,30,0,-1,0,A1011,PA,Major,6.284826206366228e-05,232.0,14986.09090909091,732.3636363636364,1818.1818181818182,841.0,0.04741379310344827,0.18181818181818182,22,2000,2021,1
319,18664,11,11,0,7,A3214,C,9,5,5,30,3,4,0,A3214,PA,Major,1.1742074731409541e-05,1953.5454545454545,22203.454545454544,147.8181818181818,997.7272727272727,24.0,0.005630787844943925,0.0,22,2000,2021,1
320,38565,11,10,1,1,A202,A3036,20,2,3,30,7,2,5,A202,PA,Major,1.3298202860756509e-05,2313.4545454545455,43576.27272727273,2280.4545454545455,9154.454545454546,1389.1818181818182,0.0047547940899088335,0.09090909090909091,22,2000,2021,1
321,38017,11,9,2,0,A3031,na0,9,1,6,30,0,-1,0,A3031,PA,Major,2.8761748831704328e-05,674.2727272727273,12030.636363636364,65.0,1742.6363636363637,27.545454545454547,0.016313873533773764,0.18181818181818182,22,2000,2021,1
322,47245,11,10,1,13,A501,U,9,5,11,30,3,4,0,A501,PA,Major,9.54991264261603e-06,2144.181818181818,75187.45454545454,2505.909090909091,12138.272727272728,2122.181818181818,0.005130161960485034,0.09090909090909091,22,2000,2021,1
323,57080,11,7,4,13,A400,A400,9,4,4,30,7,2,5,A400,PA,Major,1.9221378952701194e-05,2446.3636363636365,14803.454545454546,526.0909090909091,2330.3636363636365,1288.090909090909,0.004496469713861018,0.36363636363636365,22,2000,2021,1
324,37829,11,9,2,13,A5203,A5203,8,5,5,30,3,4,0,A5203,PA,Major,1.815181512104976e-05,552.8181818181819,9779.818181818182,529.4545454545455,1378.909090909091,770.5454545454545,0.01989804308501891,0.18181818181818182,22,2000,2021,1
325,73305,11,9,2,14,A1,A5201,9,3,7,30,6,2,5,A1,PA,Major,5.793672073739292e-06,1229.6363636363637,14770.0,531.1818181818181,2326.7272727272725,664.4545454545455,0.008945734141653111,0.18181818181818182,22,2000,2021,1
326,48821,10,9,1,1,A3213,U,15,4,6,30,6,4,0,A3213,PA,Major,3.8761518796114484e-05,228.0,8757.3,238.7,1551.7,607.2,0.043859649122807015,0.1,22,2000,2021,1
327,56751,10,9,1,13,A400,U,18,6,3,30,3,4,0,A400,PA,Major,1.0628516672281135e-05,887.4,13813.5,511.9,2390.7,908.0,0.01126887536623845,0.1,22,2000,2021,1
328,75098,10,7,3,7,A40,U,9,5,6,30,3,4,0,A40,PA,Major,1.0426792225640519e-05,324.1,2532.3,94.5,433.2,10.0,0.0308546744831842,0.3,22,2000,2021,1
329,75341,10,9,1,2,A215,U,17,6,3,30,3,2,0,A215,PA,Major,9.910129392666327e-06,2311.5,20912.9,582.8,2636.8,3004.7,0.004326195111399524,0.1,22,2000,2021,1
330,48578,10,9,1,7,A302,A3211,9,5,1,30,0,-1,0,A302,PA,Major,8.109893562005577e-06,2810.4,23236.7,421.8,2551.0,2264.4,0.003558212354113293,0.1,22,2000,2021,1
331,38555,10,9,1,12,A4201,A5205,9,7,4,30,3,2,5,A4201,PA,Major,7.375521420213397e-06,2383.1,20577.7,791.9,2952.1,578.9,0.00419621501405732,0.1,22,2000,2021,1
332,48249,10,8,2,2,A302,A3203,7,3,1,30,6,2,5,A302,PA,Major,1.29436296179723e-05,956.0,18584.2,685.2,3714.2,1959.7,0.010460251046025104,0.2,22,2000,2021,1
333,36150,10,9,1,6,A5,A5204,8,2,11,30,6,2,0,A5,PA,Major,8.294431005142379e-06,1502.3,42477.9,1296.3,7162.0,2851.8,0.006656460094521734,0.1,21,2000,2020,1
334,27960,10,9,1,9,A200,A200,9,2,9,30,3,4,5,A200,PA,Major,1.5222895141144279e-05,2881.7,15420.6,749.5,2423.9,841.6,0.003470173855710171,0.1,21,2000,2020,1
335,29009,10,9,1,8,A40,A40,18,2,7,30,3,4,0,A40,PA,Major,1.709922022324102e-05,695.9,10438.1,301.3,1894.7,438.2,0.014369880729989942,0.1,22,2000,2021,1
336,27785,10,9,1,7,A40,U,14,5,7,30,3,4,0,A40,PA,Major,4.911659932755043e-06,2447.1,14384.0,578.5,2155.9,1511.3,0.004086469698827183,0.1,22,2000,2021,1
337,81118,10,8,2,7,A301,na0,0,6,9,30,0,-1,0,A301,PA,Major,5.263927439908182e-06,5918.6,28766.5,664.5,4290.7,4427.8,0.0016895887540972526,0.2,20,2002,2021,1
338,6216,10,9,1,10,A13,U,18,4,1,30,3,4,0,A13,PA,Major,2.0810215136004367e-05,628.7,47704.4,2840.3,7217.2,761.1,0.01590583744234134,0.1,22,2000,2021,1
339,75095,10,10,0,7,A401,B401,18,5,3,30,3,2,5,A401,PA,Major,1.2184671123711082e-05,1265.4,6087.2,194.5,1078.5,47.1,0.00790263948158685,0.0,21,2000,2020,1
340,27264,10,9,1,13,A5202,A503,18,6,1,30,6,2,5,A5202,PA,Major,1.85115440055814e-05,574.8,6202.4,178.1,1254.7,307.9,0.017397355601948505,0.1,22,2000,2021,1
341,75099,10,10,0,7,A40,A4200,18,2,7,30,6,2,5,A40,PA,Major,3.961723872243735e-06,1867.7,19695.1,525.9,3270.2,476.9,0.005354178936660063,0.0,22,2000,2021,1
342,47665,10,8,2,6,A3217,A302,8,4,1,30,6,2,5,A3217,PA,Major,1.3081993736508753e-05,1153.5,20058.8,415.9,2473.8,164.6,0.008669267446900737,0.2,22,2000,2021,1
343,75404,9,7,2,9,A11,A1211,9,3,5,30,3,2,5,A11,PA,Major,9.624606555984774e-06,771.5555555555555,14352.888888888889,568.1111111111111,3009.777777777778,1623.2222222222222,0.011664746543778802,0.2222222222222222,16,2000,2015,1
344,16401,9,8,1,7,A40,na0,20,4,3,30,6,-1,5,A40,PA,Major,9.762764324788425e-06,4099.333333333333,9754.444444444445,200.11111111111111,889.5555555555555,3390.777777777778,0.0021954789396649863,0.1111111111111111,18,2000,2017,1
345,36667,9,8,1,15,A106,U,16,1,6,30,3,4,1,A106,PA,Major,4.526448346760079e-05,394.6666666666667,11421.444444444445,509.44444444444446,1736.6666666666667,284.22222222222223,0.022804054054054054,0.1111111111111111,22,2000,2021,1
346,56899,9,8,1,8,A300,A3202,7,6,5,30,6,2,0,A300,PA,Major,1.785837860534335e-05,1459.5555555555557,2751.6666666666665,217.77777777777777,431.1111111111111,411.3333333333333,0.00616626065773447,0.1111111111111111,22,2000,2021,1
347,75094,9,8,1,7,A400,A40,13,2,5,30,6,2,5,A400,PA,Major,6.8733474174174156e-06,1764.3333333333333,8417.888888888889,272.6666666666667,1317.888888888889,1951.3333333333333,0.005101076894010958,0.1111111111111111,18,2000,2017,1
348,46469,9,9,0,6,A41,C,9,2,6,30,6,2,0,A41,PA,Major,7.537238886242199e-06,310.0,16916.222222222223,379.6666666666667,1840.7777777777778,1690.3333333333333,0.02903225806451613,0.0,22,2000,2021,1
349,16203,9,8,1,10,A13,U,7,5,11,30,3,4,0,A13,PA,Major,1.991603009814619e-05,801.0,29616.11111111111,1051.0,5044.0,1024.4444444444443,0.011235955056179775,0.1111111111111111,22,2000,2021,1
350,28381,9,8,1,14,A1200,A1200,19,5,2,30,3,4,0,A1200,PA,Major,5.6613514288992586e-06,343.44444444444446,5401.333333333333,169.22222222222223,912.6666666666666,523.3333333333334,0.02620511161436428,0.1111111111111111,22,2000,2021,1
351,57755,9,9,0,14,A1202,U,22,2,6,30,3,4,0,A1202,PA,Major,2.1460633189022063e-05,224.22222222222223,5333.444444444444,383.1111111111111,1440.4444444444443,287.0,0.04013875123885034,0.0,22,2000,2021,1
352,28513,9,8,1,1,A302,A302,8,5,2,30,6,2,5,A302,PA,Major,7.236302533164869e-06,918.3333333333334,24932.11111111111,1112.888888888889,4527.888888888889,1358.111111111111,0.009800362976406534,0.1111111111111111,22,2000,2021,1
353,18490,9,9,0,1,A3203,A3036,9,6,4,30,1,2,0,A3203,PA,Major,7.787244659889311e-06,3859.777777777778,24924.777777777777,945.4444444444445,4305.666666666667,1738.7777777777778,0.0023317404571362773,0.0,22,2000,2021,1
354,8478,9,8,1,1,A202,U,22,5,5,30,3,4,0,A202,PA,Major,2.360749240574938e-05,1371.888888888889,18466.88888888889,675.2222222222222,3740.1111111111113,471.3333333333333,0.006560298048108852,0.1111111111111111,22,2000,2021,1
355,18467,9,6,3,8,A3211,C,18,4,5,30,3,2,0,A3211,PA,Major,3.874941049670111e-05,1828.7777777777778,45809.444444444445,3228.777777777778,7792.333333333333,1415.111111111111,0.004921319642748648,0.3333333333333333,22,2000,2021,1
356,56592,9,9,0,1,A202,na0,9,4,5,30,0,-1,0,A202,PA,Major,8.974402505038838e-06,3174.4444444444443,47128.444444444445,1705.3333333333333,8209.555555555555,2201.4444444444443,0.0028351417570878544,0.0,22,2000,2021,1
357,57904,8,8,0,1,A3204,U,8,6,6,30,3,4,0,A3204,PA,Major,1.589771326170986e-05,1070.0,18943.375,855.375,3468.125,667.0,0.007476635514018692,0.0,22,2000,2021,1
358,74976,8,8,0,6,A41,A41,12,2,2,30,6,2,5,A41,PA,Major,8.835453759121746e-06,389.5,11570.0,308.0,1233.625,1637.5,0.02053915275994865,0.0,22,2000,2021,1
359,37268,8,6,2,13,A503,na0,18,2,11,30,0,-1,0,A503,PA,Major,8.360854916633788e-06,1627.75,25455.75,717.375,3878.375,2118.75,0.004914759637536477,0.25,22,2000,2021,1
360,8488,8,8,0,4,A20,A20,10,5,3,30,3,4,5,A20,PA,Major,2.088147307350599e-05,595.875,12961.25,363.875,1802.75,796.625,0.01342563457100902,0.0,22,2000,2021,1
361,73225,8,7,1,7,A4200,A4,9,3,6,30,3,2,0,A4200,PA,Major,1.0920475041876079e-05,2756.0,24816.625,866.875,3712.875,2778.5,0.002902757619738752,0.125,22,2000,2021,1
362,57536,8,7,1,1,A302,A3214,8,6,2,30,0,2,0,A302,PA,Major,1.1970173416918438e-05,952.0,17891.625,840.5,2731.125,2457.0,0.008403361344537815,0.125,22,2000,2021,1
363,18738,8,6,2,0,A3213,A3214,9,3,4,30,6,2,5,A3213,PA,Major,2.8836095740582403e-05,493.25,11851.375,244.75,1212.0,212.125,0.016218955904713634,0.25,22,2000,2021,1
364,48009,8,8,0,1,A3214,A302,14,5,2,30,6,2,5,A3214,PA,Major,1.1500850655828616e-05,622.375,11718.5,290.25,1307.625,2521.625,0.01285398674432617,0.0,22,2000,2021,1
365,8380,8,8,0,8,A2205,U,9,2,3,30,3,4,0,A2205,PA,Major,1.268440171841052e-05,911.25,2705.375,147.375,745.875,18.125,0.008779149519890261,0.0,22,2000,2021,1
366,47604,8,6,2,3,A2208,A2208,8,3,5,30,1,4,0,A2208,PA,Major,8.532231665550894e-06,263.25,22482.25,793.625,3276.0,573.25,0.030389363722697058,0.25,22,2000,2021,1
367,57911,8,5,3,17,A11,na0,8,3,7,30,0,-1,0,A11,PA,Major,1.0368808499136572e-05,582.0,20552.0,480.375,1546.5,754.5,0.013745704467353952,0.375,22,2000,2021,1
368,39035,8,7,1,10,A1203,C,17,4,2,20,3,2,0,A1203,PA,Major,1.673440637794537e-05,29.25,73762.375,4411.75,12944.875,753.125,0.27350427350427353,0.125,22,2000,2021,1
369,28514,8,8,0,6,A5204,A41,8,5,4,30,6,2,0,A5204,PA,Major,1.3750724219203842e-05,1467.375,11945.125,281.625,1220.375,160.625,0.005451912428656614,0.0,22,2000,2021,1
370,38179,7,5,2,8,A2198,A2205,0,3,5,30,6,4,1,A2198,PA,Major,8.909033372554032e-06,777.1428571428571,9555.142857142857,304.57142857142856,2256.714285714286,223.57142857142858,0.009007352941176472,0.2857142857142857,22,2000,2021,1
371,18436,7,6,1,9,A1210,A11,17,4,1,30,3,2,5,A1210,PA,Major,1.5019446157486337e-05,1213.7142857142858,20380.714285714286,997.0,4149.285714285715,687.5714285714286,0.005767419962335216,0.14285714285714285,22,2000,2021,1
372,28379,7,6,1,13,A503,U,16,5,12,30,3,2,0,A503,PA,Major,2.4600578978054022e-05,1275.4285714285713,11672.0,357.0,1595.5714285714287,283.14285714285717,0.005488351254480287,0.14285714285714285,22,2000,2021,1
373,17008,7,6,1,13,A400,A400,17,4,7,30,3,4,5,A400,PA,Major,1.2765428062901356e-05,1002.8571428571429,16398.285714285714,505.7142857142857,2573.1428571428573,990.8571428571429,0.00698005698005698,0.14285714285714285,22,2000,2021,1
374,75096,7,7,0,7,A401,A40,18,2,9,30,6,2,5,A401,PA,Major,1.472205909090585e-05,693.8571428571429,12861.285714285714,465.85714285714283,2715.8571428571427,132.14285714285714,0.010088532015647519,0.0,22,2000,2021,1
375,8381,7,7,0,13,A5200,C,0,4,1,30,3,4,0,A5200,PA,Major,6.144646614683851e-06,1071.142857142857,13549.857142857143,258.14285714285717,1635.142857142857,668.5714285714286,0.006535076020272073,0.0,22,2000,2021,1
376,75403,7,6,1,8,A1211,A10,8,5,3,30,6,2,5,A1211,PA,Major,6.278854668103197e-06,934.1428571428571,13998.857142857143,574.1428571428571,2288.8571428571427,217.71428571428572,0.007493500535250039,0.14285714285714285,18,2000,2017,1
377,58445,7,6,1,11,A1020,A1261,9,4,6,30,1,4,0,A1020,PA,Major,2.1497795033729078e-05,214.85714285714286,24895.14285714286,1834.857142857143,3147.0,157.0,0.032579787234042555,0.14285714285714285,22,2000,2021,1
378,28517,7,7,0,4,A2,na0,8,2,9,30,0,-1,0,A2,PA,Major,4.226977187156402e-06,912.7142857142857,21413.428571428572,1212.857142857143,3177.1428571428573,1425.4285714285713,0.007669431835968071,0.0,22,2000,2021,1
379,6459,7,6,1,6,B524,A41,18,4,1,30,6,2,5,A41,PA,Major,9.889925731758006e-06,406.42857142857144,11008.285714285714,332.0,1201.0,1567.4285714285713,0.017223198594024602,0.14285714285714285,22,2000,2021,1
380,28509,7,6,1,2,A100,U,19,4,4,30,0,4,0,A100,PA,Major,7.973444855356057e-06,1570.0,30754.85714285714,975.5714285714286,5790.428571428572,880.7142857142857,0.0044585987261146496,0.14285714285714285,22,2000,2021,1
381,6870,7,5,2,8,A300,U,8,4,6,30,3,4,0,A300,PA,Major,1.4986602042128578e-05,4649.857142857143,8906.42857142857,930.2857142857143,1329.857142857143,534.8571428571429,0.0015054225936280683,0.2857142857142857,22,2000,2021,1
382,18346,7,7,0,17,A118,na0,12,4,8,30,0,-1,0,A118,PA,Major,1.83628421184749e-05,670.7142857142857,27860.85714285714,870.4285714285714,2959.1428571428573,1740.4285714285713,0.010436634717784879,0.0,22,2000,2021,1
383,28214,7,5,2,8,A4208,U,19,2,3,30,3,4,0,A4208,PA,Major,1.4245196541248007e-05,757.0,9546.0,365.14285714285717,1563.2857142857142,134.71428571428572,0.009247027741083224,0.2857142857142857,22,2000,2021,1
384,36660,7,6,1,5,A2203,C,7,2,1,30,3,4,0,A2203,PA,Major,3.6330047792051586e-05,189.0,10424.857142857143,327.2857142857143,1435.857142857143,450.57142857142856,0.037037037037037035,0.14285714285714285,20,2000,2019,1
385,56094,7,4,3,3,A2,U,19,6,5,30,3,4,0,A2,PA,Major,1.3007072120270538e-05,865.4285714285714,13418.57142857143,979.5714285714286,2248.1428571428573,1553.857142857143,0.00808847804555959,0.42857142857142855,22,2000,2021,1
386,38433,7,5,2,9,A1211,A1211,11,5,8,30,3,2,5,A1211,PA,Major,7.861764049240197e-06,1252.0,21172.85714285714,882.0,3401.285714285714,1247.7142857142858,0.005591054313099041,0.2857142857142857,22,2000,2021,1
387,48449,7,7,0,13,A201,A501,9,4,3,30,3,4,0,A201,PA,Major,7.097213938999555e-06,695.2857142857143,13741.142857142857,587.8571428571429,2162.5714285714284,620.1428571428571,0.010067803575097595,0.0,22,2000,2021,1
388,27959,6,5,1,8,A1211,C,9,6,1,20,3,4,0,A1211,PA,Major,8.30537484840877e-06,486.6666666666667,5452.833333333333,319.6666666666667,958.3333333333334,554.8333333333334,0.012328767123287671,0.16666666666666666,18,2000,2017,1
389,56117,6,4,2,7,A4,U,19,5,6,30,3,4,4,A4,PA,Major,1.2984818620799907e-05,2564.0,33056.666666666664,894.5,3905.5,3366.5,0.00234009360374415,0.3333333333333333,22,2000,2021,1
390,73558,6,5,1,15,A1205,U,19,4,1,30,3,4,0,A1205,PA,Major,8.463464722982181e-06,680.5,15694.0,348.5,2330.5,477.0,0.00881704628949302,0.16666666666666666,22,2000,2021,1
391,56619,6,4,2,15,A106,C,3,7,10,30,3,4,0,A106,PA,Major,5.195281933478307e-05,131.0,11514.833333333334,403.1666666666667,1681.8333333333333,157.66666666666666,0.04580152671755725,0.3333333333333333,22,2000,2021,1
392,28210,6,6,0,8,A2205,A2198,7,6,6,30,3,4,0,A2205,PA,Major,8.872213719014136e-06,572.0,3543.8333333333335,101.16666666666667,764.8333333333334,17.0,0.01048951048951049,0.0,22,2000,2021,1
393,8285,6,5,1,13,A5203,U,7,3,3,30,3,4,1,A5203,PA,Major,3.4190853934707345e-05,828.6666666666666,10820.666666666666,620.8333333333334,1721.3333333333333,890.1666666666666,0.007240547063555913,0.16666666666666666,22,2000,2021,1
394,27733,6,6,0,13,A4201,U,19,4,6,30,3,4,0,A4201,PA,Major,6.032822501643921e-05,689.0,13548.5,405.8333333333333,2469.5,492.5,0.008708272859216255,0.0,22,2000,2021,1
395,70194,6,4,2,8,A200,U,8,3,3,30,3,4,0,A200,PA,Major,1.272773089628674e-05,530.5,7077.833333333333,329.6666666666667,1611.8333333333333,223.66666666666666,0.011310084825636193,0.3333333333333333,22,2000,2021,1
396,90230,6,5,1,13,A4200,na0,18,4,9,30,0,-1,5,A4200,PA,Major,3.586510517466258e-05,2098.0,14442.0,922.0,2212.0,1522.0,0.002859866539561487,0.16666666666666666,4,2018,2021,1
397,8354,6,6,0,1,A3205,A3036,9,1,5,30,6,2,5,A3205,PA,Major,1.7193740041260097e-05,1383.1666666666667,41687.0,1977.0,7679.5,1238.8333333333333,0.004337872032775033,0.0,22,2000,2021,1
398,8619,6,6,0,8,A300,A3211,9,3,8,30,0,2,5,A300,PA,Major,1.1928395887282991e-05,3269.5,10678.166666666666,726.6666666666666,1515.1666666666667,534.6666666666666,0.001835142988224499,0.0,22,2000,2021,1
399,80694,6,4,2,7,A4,A4,8,2,6,30,3,-1,0,A4,PA,Major,4.792806834693536e-06,117.0,8677.833333333334,433.5,2043.0,494.5,0.05128205128205128,0.3333333333333333,18,2003,2020,1
400,70192,6,6,0,7,A400,U,19,4,2,30,3,-1,0,A400,PA,Major,8.945121120088814e-06,2090.6666666666665,14865.666666666666,405.8333333333333,2895.3333333333335,441.8333333333333,0.0028698979591836736,0.0,21,2000,2020,1
401,6071,6,5,1,11,A12,na0,14,1,1,30,0,-1,0,A12,PA,Major,7.89001091797665e-05,54.5,89089.83333333333,5260.333333333333,13074.166666666666,523.3333333333334,0.11009174311926606,0.16666666666666666,22,2000,2021,1
402,36669,6,5,1,15,A107,U,8,4,10,30,3,4,0,A107,PA,Major,1.849716276102288e-05,1448.5,17611.833333333332,510.6666666666667,2307.8333333333335,2091.0,0.004142216085605799,0.16666666666666666,22,2000,2021,1
403,74531,6,5,1,5,A102,A102,8,3,1,30,1,2,0,A102,PA,Major,5.993772146300737e-05,0.5,70795.5,3231.5,13351.666666666666,416.1666666666667,12.0,0.16666666666666666,20,2000,2019,1
404,28387,6,6,0,9,A200,A100,18,5,4,30,6,2,5,A200,PA,Major,2.07417933610888e-05,960.3333333333334,6851.333333333333,385.3333333333333,1182.6666666666667,195.33333333333334,0.00624783061437001,0.0,22,2000,2021,1
405,58168,6,6,0,8,A3202,na0,12,1,8,30,0,-1,0,A3202,PA,Major,1.278391962615894e-05,1122.5,13002.333333333334,903.0,3455.0,307.8333333333333,0.005345211581291759,0.0,22,2000,2021,1
406,18599,6,6,0,9,A11,A11,0,3,2,30,3,4,0,A11,PA,Major,1.1404738670267354e-05,795.6666666666666,14045.666666666666,555.5,2878.6666666666665,1714.1666666666667,0.00754084625052367,0.0,18,2000,2017,1
407,38695,5,3,2,3,A200,B206,17,3,3,30,3,2,4,A200,PA,Major,1.0825715390626484e-05,1401.4,18027.2,618.0,2589.6,522.0,0.0035678607107178534,0.4,22,2000,2021,1
408,38463,5,5,0,3,A200,A2208,9,6,1,30,3,4,1,A200,PA,Major,9.05293141603555e-06,1326.2,23828.8,723.2,2724.4,738.8,0.003770170411702609,0.0,22,2000,2021,1
409,36796,5,5,0,1,A202,A202,9,6,9,30,0,-1,0,A202,PA,Major,1.0989914157758529e-05,734.4,20167.0,783.6,3520.8,1087.2,0.006808278867102397,0.0,22,2000,2021,1
410,58155,5,5,0,9,A1211,A100,8,6,1,30,6,2,5,A1211,PA,Major,1.39373583253225e-05,709.2,15831.0,690.8,2597.0,868.6,0.007050197405527354,0.0,22,2000,2021,1
411,58310,5,3,2,9,A1211,A1211,8,1,5,30,1,2,5,A1211,PA,Major,2.0357246771966727e-05,528.8,11277.8,530.8,1521.2,567.0,0.009455370650529501,0.4,18,2000,2017,1
412,73823,5,5,0,11,A1020,U,5,6,7,30,1,4,0,A1020,PA,Major,2.6238759683369005e-05,181.2,25331.4,1780.4,2752.2,149.6,0.027593818984547464,0.0,22,2000,2021,1
413,7557,5,3,2,8,A2205,A200,13,3,1,30,3,2,5,A2205,PA,Major,1.9931309248611185e-05,324.6,4395.6,223.0,938.2,27.2,0.015403573629081947,0.4,22,2000,2021,1
414,56661,5,4,1,15,A107,C,9,6,2,30,3,4,0,A107,PA,Major,9.971325590519677e-06,1143.2,23129.2,1065.0,2770.4,2214.0,0.00437368789363191,0.2,22,2000,2021,1
415,48557,5,5,0,3,A2,A202,21,6,1,30,3,4,1,A2,PA,Major,3.930465632376621e-06,896.0,20900.8,1182.4,3254.0,1560.2,0.005580357142857143,0.0,22,2000,2021,1
416,7600,5,5,0,2,A3203,A302,22,3,1,30,0,-1,-1,A3203,PA,Major,1.1477697021239699e-05,1181.2,15533.8,700.6,3637.0,913.4,0.004232983406705046,0.0,22,2000,2021,1
417,19035,5,2,3,10,A1261,A1261,20,1,7,30,9,2,0,A1261,PA,Major,1.9416151897765933e-05,195.0,26995.6,1178.6,3509.4,156.0,0.02564102564102564,0.6,22,2000,2021,1
418,7599,5,5,0,8,A3202,A3,9,1,9,30,6,2,5,A3202,PA,Major,1.4100027687053183e-05,637.8,8007.8,257.4,1286.6,235.6,0.00783944810285356,0.0,22,2000,2021,1
419,18338,5,5,0,4,A2,A2,1,6,1,30,3,4,4,A2,PA,Major,6.037250111851085e-06,1120.6,23882.8,1078.6,3362.8,1584.2,0.004461895413171516,0.0,22,2000,2021,1
420,74977,5,5,0,12,A41,A501,9,3,10,30,6,2,5,A41,PA,Major,8.948573450724792e-06,281.8,16751.4,399.6,2058.8,1639.2,0.017743080198722498,0.0,22,2000,2021,1
421,90250,4,1,3,0,A3216,na0,18,1,2,30,0,-1,-1,A3216,PA,Major,9.269467135863797e-05,2911.0,26175.0,1496.0,5525.0,1253.0,0.0013740982480247338,0.75,4,2018,2021,1
422,89351,4,4,0,6,A4205,A4205,0,3,5,30,3,-1,-1,A4205,PA,Major,4.473230431573611e-05,466.0,6642.0,66.5,580.0,847.5,0.008583690987124463,0.0,5,2017,2021,1
423,58196,4,4,0,12,A5205,A4201,8,5,4,30,0,2,0,A5205,PA,Major,2.731241537567683e-05,585.0,18123.75,565.25,2590.75,174.5,0.006837606837606838,0.0,22,2000,2021,1
424,16632,4,4,0,17,A115,A11,1,3,2,30,3,4,0,A115,PA,Major,3.655293434601906e-05,403.25,10324.75,507.75,1409.0,266.25,0.009919404835709857,0.0,11,2000,2010,1
425,70191,4,3,1,7,A5204,A4201,9,2,3,30,6,2,0,A5204,PA,Major,8.401398435553019e-06,1545.5,12548.5,447.0,3085.25,4.75,0.002588159171789065,0.25,22,2000,2021,1
426,58157,4,3,1,13,A503,U,10,3,7,30,3,4,0,A503,PA,Major,9.486921852088292e-06,1106.75,15600.5,496.5,2086.25,1696.25,0.0036141856787892477,0.25,22,2000,2021,1
427,27917,4,3,1,16,A12,A11,6,1,7,30,1,2,0,A12,PA,Major,5.5882236209869824e-05,16.75,95160.5,5667.75,17979.5,897.0,0.23880597014925373,0.25,22,2000,2021,1
428,8359,4,3,1,0,A3220,U,8,3,4,30,3,4,0,A3220,PA,Major,2.474669548811562e-05,526.5,13646.5,374.0,1981.0,440.5,0.007597340930674264,0.25,22,2000,2021,1
429,16435,4,3,1,12,A41,U,8,4,1,30,6,2,5,A41,PA,Major,1.853577515542036e-05,569.75,14336.75,315.75,1691.75,1412.0,0.007020623080298377,0.25,22,2000,2021,1
430,26217,4,2,2,11,A13,A1268,7,1,8,30,3,2,5,A13,PA,Major,2.2315597633705198e-05,431.75,69972.5,5536.75,10863.75,678.0,0.009264620729588882,0.5,22,2000,2021,1
431,58446,3,3,0,11,A13,U,7,1,2,30,3,4,0,A13,PA,Major,1.6298056659248943e-05,332.3333333333333,50611.333333333336,4254.0,9294.666666666666,612.3333333333334,0.009027081243731194,0.0,22,2000,2021,1
432,90100,3,3,0,7,A400,A401,7,6,1,30,6,2,5,A400,PA,Major,3.4030972418773655e-05,1156.0,6913.0,206.0,1384.0,1471.0,0.0025951557093425604,0.0,4,2018,2021,1
433,70003,3,3,0,10,A1203,na0,7,3,2,30,0,-1,0,A1203,PA,Major,1.9082256154482792e-05,87.0,51142.333333333336,2911.3333333333335,9087.666666666666,541.6666666666666,0.034482758620689655,0.0,22,2000,2021,1
434,36471,3,3,0,6,A41,A40,15,1,2,30,6,2,5,A41,PA,Major,7.762805116653732e-06,394.3333333333333,11500.333333333334,325.3333333333333,1257.3333333333333,1678.3333333333333,0.0076077768385460695,0.0,22,2000,2021,1
435,74978,3,3,0,12,A41,U,21,1,4,30,6,4,0,A41,PA,Major,4.228577619635435e-06,296.0,10747.333333333334,311.3333333333333,1322.3333333333333,1791.3333333333333,0.010135135135135136,0.0,22,2000,2021,1
436,75402,3,2,1,8,A1211,A10,9,3,7,30,3,2,5,A1211,PA,Major,6.5013773312863845e-06,941.6666666666666,16056.333333333334,710.0,2659.0,365.0,0.003185840707964602,0.3333333333333333,17,2000,2016,1
437,26465,3,2,1,6,A41,A40,1,4,1,30,6,2,5,A41,PA,Major,9.512842530661081e-06,324.0,16762.333333333332,375.3333333333333,1562.3333333333333,1693.3333333333333,0.009259259259259259,0.3333333333333333,22,2000,2021,1
438,56614,3,3,0,8,A201,na0,11,4,2,30,0,-1,0,A201,PA,Major,9.22121048836402e-06,7869.0,30332.333333333332,1006.6666666666666,5052.0,1036.0,0.0003812428516965307,0.0,22,2000,2021,1
439,49035,3,3,0,11,A1261,A1206,6,1,2,30,1,-1,0,A1261,PA,Major,3.678823754994254e-05,26.0,89602.66666666667,5410.666666666667,15647.666666666666,513.3333333333334,0.11538461538461539,0.0,22,2000,2021,1
440,73961,3,3,0,9,A101,na0,14,1,5,30,0,-1,0,A101,PA,Major,7.01412497265431e-05,179.0,32861.666666666664,482.6666666666667,6211.666666666667,13.0,0.01675977653631285,0.0,22,2000,2021,1
441,75399,3,2,1,8,A3,C,2,3,5,30,3,4,0,A3,PA,Major,8.37033158763436e-06,127.0,1798.6666666666667,119.66666666666667,295.3333333333333,192.0,0.023622047244094488,0.3333333333333333,22,2000,2021,1
442,26464,3,1,2,12,A41,A501,8,3,3,30,3,4,0,A41,PA,Major,1.2562997822247577e-05,580.0,14369.666666666666,401.3333333333333,1342.3333333333333,1385.6666666666667,0.005172413793103448,0.6666666666666666,22,2000,2021,1
443,46781,3,3,0,3,A200,A2202,17,2,5,30,3,-1,5,A200,PA,Major,7.338329488547659e-06,900.6666666666666,19761.666666666668,738.0,2985.6666666666665,1026.0,0.0033308660251665434,0.0,22,2000,2021,1
444,59036,2,2,0,10,A1203,U,8,4,6,30,0,-1,0,A1203,PA,Major,3.356769106503833e-05,271.0,19324.5,777.5,3426.0,492.5,0.007380073800738007,0.0,22,2000,2021,1
445,26643,2,2,0,5,A102,U,11,3,3,20,3,4,0,A102,PA,Major,3.13227878374031e-05,7.5,96681.0,4715.5,19642.5,657.5,0.26666666666666666,0.0,20,2000,2019,1
446,37647,2,1,1,4,A2211,U,20,1,2,30,0,-1,0,A2211,PA,Major,3.480448405860255e-05,216.0,7227.0,392.0,926.5,471.5,0.009259259259259259,0.5,22,2000,2021,1
447,28516,2,1,1,4,A2209,A200,8,2,7,30,0,-1,5,A2209,PA,Major,1.749591650067139e-06,484.0,17370.5,929.0,2567.5,272.5,0.004132231404958678,0.5,22,2000,2021,1
448,56427,2,2,0,9,A1211,A11,9,3,4,20,3,2,0,A1211,PA,Major,1.861221887559894e-05,271.5,4329.0,185.0,921.5,496.5,0.007366482504604052,0.0,18,2000,2017,1
449,18167,2,2,0,2,A302,U,7,4,11,30,-1,-1,-1,A302,PA,Major,8.672499724626977e-06,1025.0,18743.0,865.5,3261.5,1343.5,0.001951219512195122,0.0,22,2000,2021,1
450,6761,2,2,0,4,A2211,A206,8,4,1,30,3,4,1,A2211,PA,Major,4.2504554777474284e-05,703.0,10067.5,293.0,1137.0,652.5,0.002844950213371266,0.0,22,2000,2021,1
451,6121,2,2,0,0,A4,C,9,5,9,30,6,2,5,A4,PA,Major,8.143842068376444e-05,670.5,54164.0,1075.0,5689.0,1127.0,0.002982848620432513,0.0,22,2000,2021,1
452,27667,2,1,1,0,A3217,A3213,9,4,3,30,6,2,5,A3217,PA,Major,2.5527806288118196e-05,1686.5,19078.0,385.5,2043.5,209.5,0.0011858879335902757,0.5,22,2000,2021,1
453,75100,2,2,0,7,A40,C,12,3,9,30,3,4,0,A40,PA,Major,7.237867864359076e-06,2581.5,15954.0,573.5,2504.5,1351.0,0.0007747433662599264,0.0,22,2000,2021,1
454,38441,2,1,1,8,A200,A2205,12,4,6,30,3,2,-1,A200,PA,Major,2.1648711196501173e-05,380.0,6646.0,359.5,1066.5,312.0,0.005263157894736842,0.5,22,2000,2021,1
455,90042,2,1,1,7,A40,A40,9,3,2,20,6,2,1,A40,PA,Major,1.1199526799898348e-05,0.0,12703.0,349.0,2784.0,86.0,inf,0.5,4,2018,2021,1
456,74527,2,0,2,16,A12,A102,3,1,8,30,3,4,0,A12,PA,Major,9.14314371645826e-06,34.5,101370.0,5526.0,17131.5,648.0,0.057971014492753624,1.0,22,2000,2021,1
457,28121,2,2,0,7,A5204,C,11,4,3,30,0,-1,0,A5204,PA,Major,2.790006291949721e-06,1578.0,11817.0,245.0,2341.0,44.0,0.0012674271229404308,0.0,22,2000,2021,1
458,26659,1,1,0,17,A112,A11,19,4,4,30,3,2,5,A112,PA,Major,6.969845501431847e-05,646.0,8666.0,312.0,1081.0,415.0,0.0015479876160990713,0.0,22,2000,2021,1
459,89355,1,1,0,6,A4206,A404,18,1,8,30,1,4,1,A4206,PA,Major,8.638573915749992e-05,668.0,12384.0,384.0,1687.0,1051.0,0.0014970059880239522,0.0,5,2017,2021,1
460,73821,1,1,0,16,A115,U,14,6,6,30,3,4,0,A115,PA,Major,8.174740575246247e-05,430.0,10476.0,523.0,1413.0,274.0,0.002325581395348837,0.0,11,2000,2010,1
461,38265,1,1,0,8,A3202,A302,1,7,6,30,3,2,5,A3202,PA,Major,2.028070810207221e-05,1064.0,12180.0,284.0,1874.0,1548.0,0.0009398496240601503,0.0,22,2000,2021,1
462,56093,1,1,0,4,A2,na0,15,4,5,20,0,-1,4,A2,PA,Major,4.038419884638825e-05,2356.0,39637.0,1776.0,6080.0,3313.0,0.00042444821731748726,0.0,22,2000,2021,1
463,81073,1,1,0,2,A3203,na0,18,5,6,30,0,-1,-1,A3203,PA,Major,1.7645995701980205e-05,2298.0,493.0,1.0,44.0,407.0,0.0004351610095735422,0.0,18,2004,2021,1
464,73822,1,1,0,11,A13,A1011,15,1,5,30,1,2,5,A13,PA,Major,3.924053720537508e-05,311.0,70603.0,4268.0,14287.0,1056.0,0.003215434083601286,0.0,22,2000,2021,1
465,28211,1,1,0,2,A302,A302,9,3,10,30,3,2,5,A302,PA,Major,1.767272386582295e-05,56.0,4117.0,305.0,766.0,49.0,0.017857142857142856,0.0,22,2000,2021,1
466,74545,1,1,0,11,A1263,A13,8,2,11,30,3,2,5,A1263,PA,Major,2.477809186330369e-05,4.0,19567.0,2122.0,3736.0,232.0,0.25,0.0,22,2000,2021,1
467,16628,1,1,0,17,A112,na0,16,4,4,30,0,-1,0,A112,PA,Major,4.923083071931489e-05,216.0,20322.0,391.0,1614.0,419.0,0.004629629629629629,0.0,22,2000,2021,1
468,48251,1,0,1,6,A501,A5,12,2,12,30,6,2,5,A501,PA,Major,4.355157679043866e-05,736.0,88940.0,3269.0,12438.0,1136.0,0.001358695652173913,1.0,22,2000,2021,1
469,8284,1,1,0,9,A1202,A1203,8,3,1,30,3,4,0,A1202,PA,Major,1.5882783698166358e-05,290.0,9092.0,349.0,1710.0,110.0,0.0034482758620689655,0.0,17,2000,2016,1
470,8064,1,1,0,16,A102,C,9,3,2,30,2,4,0,A102,PA,Major,0.0002249476456254,436.0,20888.0,654.0,3493.0,700.0,0.0022935779816513763,0.0,22,2000,2021,1
471,81119,1,0,1,7,A301,na0,9,3,9,30,0,-1,0,A301,PA,Major,6.401675739278872e-07,39.0,6865.0,82.0,1043.0,212.0,0.02564102564102564,1.0,22,2000,2021,1
472,48814,1,1,0,11,A1261,A1206,7,1,6,30,1,4,0,A1261,PA,Major,4.80933303439149e-05,167.0,121450.0,4197.0,12421.0,974.0,0.005988023952095809,0.0,22,2000,2021,1
473,58306,1,0,1,8,A3211,U,17,2,5,30,5,4,0,A3211,PA,Major,3.192586937633137e-05,1.0,30465.0,1874.0,6762.0,852.0,1.0,1.0,22,2000,2021,1
